PROCESO: ADMINISTRACIÓN DE BIENES Y SERVICIOS;;;;;;;;;;;;;;;;;;;;;;;;;;;;;;;;;;;;;;;;;;;;;;;;;;;;;;;;;;;;;;;;;;;;;;;;;;;;;;;;;;;;;;;;;;;;;;;;;;;;;;;;;;;;;;;;;;;;;;;;;;;;;;;;;;;;;;;;;;;;;;;;;;;;;;;;;;;;;;;;;;;;;;;;;;;;;;;;;;;;;;;;;;;;;;;
SUBPROCESO: INMUEBLES;;;;;;;;;;;;;;;;;;;;;;;;;;;;;;;;;;;;;;;;;;;;;;;;;;;;;;;;;;;;;;;;;;;;;;;;;;;;;;;;;;;;;;;;;;;;;;;;;;;;;;;;;;;;;;;;;;;;;;;;;;;;;;;;;;;;;;;;;;;;;;;;;;;;;;;;;;;;;;;;;;;;;;;;;;;;;;;;;;;;;;;;;;;;;;;
FORMATO :  ANALISIS DE CONTEXTO PLAN DE MANTENIEMIENTO PREVENTIVO Y CORRECTIVO SEDES PGN;;;;;;;;;;;;;;;;;;;;;;;;;;;;;;;;;;;;;;;;;;;;;;;;;;;;;;;;;;;;;;;;;;;;;;;;;;;;;;;;;;;;;;;;;;;;;;;;;;;;;;;;;;;;;;;;;;;;;;;;;;;;;;;;;;;;;;;;;;;;;;;;;;;;;;;;;;;;;;;;;;;;;;;;;;;;;;;;;;;;;;;;;;;;;;;
;;;;;;;;;;;;;;;;;;;;;;;;;;;;;;;;;;;;;;;;;;;;;;;;;;;;;;;;;;;;;;;;;;;;;;;;;;;;;;;;;;;;;;;;;;;;;;;;;;;;;;;;;;;;;;;;;;;;;;;;;;;;;;;;;;;;;;;;;;;;;;;;;;;;;;;;;;;;;;;;;;;;;;;;;;;;;;;;;;;;;;;;;;;;;;;
DEPARTAMENTO;CIUDAD;NUMERO SEDES PLACA NOMENCLATURA;DIRECCION / EDIFICIO;DEPENDENCIA / USO;AREA CONST. M2;NUMERO FUNC.;INMUEBLE EN CALIDAD;INVERSION ULTIMOS 3 AÑOS;PROPIEDAD HORIZONTAL ;OBSERVACIONES;;;;;;;;;;;;;;;;;;;;;;;;;;;;;;;;;;;;;;;;;;;;;;;;;;;;;;;;;;;;;;;;;;;;;;;;;;;;;;;;;;;;;;;;;;;;;;;;;;;;;;;;;;;;;;;;;;;;;;;;;;;;;;;;;;;;;;;;;;;;;;;;;;;;;;;;;;;;;;;;;;;;;;;;;;;;;;;;;;;;;
AMAZONAS ;Leticia;1;Leticia. Carrera  8 # 11-106;Procuraduria Regional Amazonas, Procuraduria Judicial 197 Familia y Procuraduria  Judicial 220 Administrativa;327;12;PROPIO;SI;NO;;;;;;;;;;;;;;;;;;;;;;;;;;;;;;;;;;;;;;;;;;;;;;;;;;;;;;;;;;;;;;;;;;;;;;;;;;;;;;;;;;;;;;;;;;;;;;;;;;;;;;;;;;;;;;;;;;;;;;;;;;;;;;;;;;;;;;;;;;;;;;;;;;;;;;;;;;;;;;;;;;;;;;;;;;;;;;;;;;;;;;
ANTIOQUIA ;Amaga;1;Amaga Carrera  51 # 52-06 piso 2 apto 201 y 202 y local 4 de Cll. 52 # 50-78;Procuraduria Provincial de Amaga;;7;ARRIENDO;NO;SI;;;;;;;;;;;;;;;;;;;;;;;;;;;;;;;;;;;;;;;;;;;;;;;;;;;;;;;;;;;;;;;;;;;;;;;;;;;;;;;;;;;;;;;;;;;;;;;;;;;;;;;;;;;;;;;;;;;;;;;;;;;;;;;;;;;;;;;;;;;;;;;;;;;;;;;;;;;;;;;;;;;;;;;;;;;;;;;;;;;;;;
ANTIOQUIA ;Andes;1;Andes. Carrera 50 No. 48 - 47;Procuraduria Provincial y  Judicial 344 Penal;151;9;PROPIO;SI;NO;;; ;;;;;;;;;;;;;;;;;;;;;;;;;;;;;;;;;;;;;;;;;;;;;;;;;;;;;;;;;;;;;;;;;;;;;;;;;;;;;;;;;;;;;;;;;;;;;;;;;;;;;;;;;;;;;;;;;;;;;;;;;;;;;;;;;;;;;;;;;;;;;;;;;;;;;;;;;;;;;;;;;;;;;;;;;;;;;;;;;;;
ANTIOQUIA ;Apartado;1;Apartado. Calle 95 No. 96 A - 65;Procuraduria  Provincial  y  Judicial 196 Penal ;233;6;PROPIO;SI;NO;;;;;;;;;;;;;;;;;;;;;;;;;;;;;;;;;;;;;;;;;;;;;;;;;;;;;;;;;;;;;;;;;;;;;;;;;;;;;;;;;;;;;;;;;;;;;;;;;;;;;;;;;;;;;;;;;;;;;;;;;;;;;;;;;;;;;;;;;;;;;;;;;;;;;;;;;;;;;;;;;;;;;;;;;;;;;;;;;;;;;;
ANTIOQUIA ;Caldas;1;Caldas Carrera  49 No.128 sur 38-40 of. 203 edificio Ambar;Procuraduria 204 Judicial I Penal;;2;ARRIENDO;NO;;;;;;;;;;;;;;;;;;;;;;;;;;;;;;;;;;;;;;;;;;;;;;;;;;;;;;;;;;;;;;;;;;;;;;;;;;;;;;;;;;;;;;;;;;;;;;;;;;;;;;;;;;;;;;;;;;;;;;;;;;;;;;;;;;;;;;;;;;;;;;;;;;;;;;;;;;;;;;;;;;;;;;;;;;;;;;;;;;;;;;;
ANTIOQUIA ;Medellin;1;Medellin, Edificio Cosmos. Carrera 56 A No. 49 A - 18/24/30. Piso 2 ;Procuraduria  Provincial, Investigaciones Especiales Seccional Antioquia y Derechos Humanos ;836;42;PROPIO;SI;SI;;;;;;;;;;;;;;;;;;;;;;;;;;;;;;;;;;;;;;;;;;;;;;;;;;;;;;;;;;;;;;;;;;;;;;;;;;;;;;;;;;;;;;;;;;;;;;;;;;;;;;;;;;;;;;;;;;;;;;;;;;;;;;;;;;;;;;;;;;;;;;;;;;;;;;;;;;;;;;;;;;;;;;;;;;;;;;;;;;;;;;
ANTIOQUIA ;Medellin;;Medellin, Edificio Cosmos. Carrera 56 A No. 49 A - 18/24/30. Piso 3;"Procuraduria Regional, Coordinación Adtva; PJ JEP, PJ  Laborales 3 y 343 y P. Judicial Penal 197 Bello";836;;;SI;SI;;;;;;;;;;;;;;;;;;;;;;;;;;;;;;;;;;;;;;;;;;;;;;;;;;;;;;;;;;;;;;;;;;;;;;;;;;;;;;;;;;;;;;;;;;;;;;;;;;;;;;;;;;;;;;;;;;;;;;;;;;;;;;;;;;;;;;;;;;;;;;;;;;;;;;;;;;;;;;;;;;;;;;;;;;;;;;;;;;;;;;
ANTIOQUIA ;Medellin;1;Medellin, Edificio Fabricato  Colseguros. Calle 53 No. 45 - 112. Pisos 7;"PJ II Penal 68, 111, 114, 116, 117, 124, 125, 126, 128, 129, 132, 140, 345, 349; PJ I Penal 185, 188, 190, 191, 192, 194, 200; PJ II Familia 16, 17, 145; PJ I Familia 32, 35 y 184; PJ II Infancia y adolescencia 120; PJ II Agrario 1, 10; PJ II Tierras 18, 20 y 21; PJ I Tierras 37 y 38; PJ II Asuntos Civiles 10; PJ II Adtvo 30, 31, 32,  112, 113, 114, 116, 143, 222; PJ I Adtvo 107, 108, 109, 110, 111, 167, 168 y 169";1,207;101;PROPIO;SI;SI;;;;;;;;;;;;;;;;;;;;;;;;;;;;;;;;;;;;;;;;;;;;;;;;;;;;;;;;;;;;;;;;;;;;;;;;;;;;;;;;;;;;;;;;;;;;;;;;;;;;;;;;;;;;;;;;;;;;;;;;;;;;;;;;;;;;;;;;;;;;;;;;;;;;;;;;;;;;;;;;;;;;;;;;;;;;;;;;;;;;;;
ANTIOQUIA ;Medellin;;Medellin, Edificio Fabricato  Colseguros. Calle 53 No. 45 - 112. Pisos  21.;"PJ II Penal 68, 111, 114, 116, 117, 124, 125, 126, 128, 129, 132, 140, 345, 349; PJ I Penal 185, 188, 190, 191, 192, 194, 200; PJ II Familia 16, 17, 145; PJ I Familia 32, 35 y 184; PJ II Infancia y adolescencia 120; PJ II Agrario 1, 10; PJ II Tierras 18, 20 y 21; PJ I Tierras 37 y 38; PJ II Asuntos Civiles 10; PJ II Adtvo 30, 31, 32,  112, 113, 114, 116, 143, 222; PJ I Adtvo 107, 108, 109, 110, 111, 167, 168 y 169";1,207; ;;SI;SI;;;;;;;;;;;;;;;;;;;;;;;;;;;;;;;;;;;;;;;;;;;;;;;;;;;;;;;;;;;;;;;;;;;;;;;;;;;;;;;;;;;;;;;;;;;;;;;;;;;;;;;;;;;;;;;;;;;;;;;;;;;;;;;;;;;;;;;;;;;;;;;;;;;;;;;;;;;;;;;;;;;;;;;;;;;;;;;;;;;;;;
ANTIOQUIA ;Medellin;;Medellin, Edificio Fabricato  Colseguros. Calle 53 No. 45 - 112. Pisos   23.;"PJ II Penal 68, 111, 114, 116, 117, 124, 125, 126, 128, 129, 132, 140, 345, 349; PJ I Penal 185, 188, 190, 191, 192, 194, 200; PJ II Familia 16, 17, 145; PJ I Familia 32, 35 y 184; PJ II Infancia y adolescencia 120; PJ II Agrario 1, 10; PJ II Tierras 18, 20 y 21; PJ I Tierras 37 y 38; PJ II Asuntos Civiles 10; PJ II Adtvo 30, 31, 32,  112, 113, 114, 116, 143, 222; PJ I Adtvo 107, 108, 109, 110, 111, 167, 168 y 169";1,207; ;;SI;SI;;;;;;;;;;;;;;;;;;;;;;;;;;;;;;;;;;;;;;;;;;;;;;;;;;;;;;;;;;;;;;;;;;;;;;;;;;;;;;;;;;;;;;;;;;;;;;;;;;;;;;;;;;;;;;;;;;;;;;;;;;;;;;;;;;;;;;;;;;;;;;;;;;;;;;;;;;;;;;;;;;;;;;;;;;;;;;;;;;;;;;
ANTIOQUIA ;Medellin;1;Medellin, Centro Administrativo la Alpujarra, Palacio de Justicia. Calle 44 No. 52 - 155 ;"PJ II Penal 68, 113, 117, 119, 121, 122 140, 147 ; PJ II Justicia y Paz 346; ";80;18;TENENCIA;NO;SI;;;;;;;;;;;;;;;;;;;;;;;;;;;;;;;;;;;;;;;;;;;;;;;;;;;;;;;;;;;;;;;;;;;;;;;;;;;;;;;;;;;;;;;;;;;;;;;;;;;;;;;;;;;;;;;;;;;;;;;;;;;;;;;;;;;;;;;;;;;;;;;;;;;;;;;;;;;;;;;;;;;;;;;;;;;;;;;;;;;;;;
ANTIOQUIA ;Puerto  Berrio;1;Puerto Berrio, Casa del Ingeniero Calle 6 No. 3 - 40;"P. Provincial; Judicial I Penal 198";138;7;PROPIO;SI;NO;;;;;;;;;;;;;;;;;;;;;;;;;;;;;;;;;;;;;;;;;;;;;;;;;;;;;;;;;;;;;;;;;;;;;;;;;;;;;;;;;;;;;;;;;;;;;;;;;;;;;;;;;;;;;;;;;;;;;;;;;;;;;;;;;;;;;;;;;;;;;;;;;;;;;;;;;;;;;;;;;;;;;;;;;;;;;;;;;;;;;;
ANTIOQUIA ;Rionegro;1;Rionegro, Casa  de la Justicia. Calle 61B No 44-22 Piso 3;P. Provincial y Judiciales 196 y 340 Penales;120;14;COMODATO;SI;NO;COMODATO  NO. 179-73-2015;;;;;;;;;;;;;;;;;;;;;;;;;;;;;;;;;;;;;;;;;;;;;;;;;;;;;;;;;;;;;;;;;;;;;;;;;;;;;;;;;;;;;;;;;;;;;;;;;;;;;;;;;;;;;;;;;;;;;;;;;;;;;;;;;;;;;;;;;;;;;;;;;;;;;;;;;;;;;;;;;;;;;;;;;;;;;;;;;;;;;
ANTIOQUIA ;Santa Fe de Antioquia;1;Santa Fe de antioquia Calle  10 # 9-04/08/14/20 local 30 y 32;P. Provincial y Judicial 202 Penal;;5;ARRIENDO;;;;;;;;;;;;;;;;;;;;;;;;;;;;;;;;;;;;;;;;;;;;;;;;;;;;;;;;;;;;;;;;;;;;;;;;;;;;;;;;;;;;;;;;;;;;;;;;;;;;;;;;;;;;;;;;;;;;;;;;;;;;;;;;;;;;;;;;;;;;;;;;;;;;;;;;;;;;;;;;;;;;;;;;;;;;;;;;;;;;;;;;
ANTIOQUIA ;Yarumal;1;Yarumal Calle  18 # 19-79;P. Provincial y Judicial 203 Penal;;8;ARRIENDO;;;;;;;;;;;;;;;;;;;;;;;;;;;;;;;;;;;;;;;;;;;;;;;;;;;;;;;;;;;;;;;;;;;;;;;;;;;;;;;;;;;;;;;;;;;;;;;;;;;;;;;;;;;;;;;;;;;;;;;;;;;;;;;;;;;;;;;;;;;;;;;;;;;;;;;;;;;;;;;;;;;;;;;;;;;;;;;;;;;;;;;;
ARAUCA;Arauca;1;Arauca. Calle 21 No. 18 - 47;"Procuraduria  Regional; PJ II Penal 182; PJ I Penal 205; PJ II Adtvo 52; PJ I Adtvo 64 y 171";853;21;PROPIO;SI;NO;;;;;;;;;;;;;;;;;;;;;;;;;;;;;;;;;;;;;;;;;;;;;;;;;;;;;;;;;;;;;;;;;;;;;;;;;;;;;;;;;;;;;;;;;;;;;;;;;;;;;;;;;;;;;;;;;;;;;;;;;;;;;;;;;;;;;;;;;;;;;;;;;;;;;;;;;;;;;;;;;;;;;;;;;;;;;;;;;;;;;;
ATLANTICO;Barranquilla;1;Barranquilla, Edificio Cámara de Comercio. Calle 40 No. 44 - 39 Pisos 1.;Procuraduria  Regional, Procuradurias  Judicial II Adtvo 14, 15, 117, 118, PJ I Adtvos 61 y 63, 172, 173, 174 y 197, PJ II Asuntos Civiles 13, PJ I Asuntos del Trabajo 20, Centro de Conciliación en material civil y Asuntos civiles, Coordinación Administrativa;1,183;52;COMODATO;SI;SI;CONVENIO 027-2016;;;;;;;;;;;;;;;;;;;;;;;;;;;;;;;;;;;;;;;;;;;;;;;;;;;;;;;;;;;;;;;;;;;;;;;;;;;;;;;;;;;;;;;;;;;;;;;;;;;;;;;;;;;;;;;;;;;;;;;;;;;;;;;;;;;;;;;;;;;;;;;;;;;;;;;;;;;;;;;;;;;;;;;;;;;;;;;;;;;;;
ATLANTICO;Barranquilla;;Barranquilla, Edificio Cámara de Comercio. Calle 40 No. 44 - 39 Pisos 2.;Procuraduria  Regional, Procuradurias  Judicial II Adtvo 14, 15, 117, 118, PJ I Adtvos 61 y 63, 172, 173, 174 y 197, PJ II Asuntos Civiles 13, PJ I Asuntos del Trabajo 20, Centro de Conciliación en material civil y Asuntos civiles, Coordinación Administrativa;1,183;;;SI;SI;CONVENIO 027-2016;;;;;;;;;;;;;;;;;;;;;;;;;;;;;;;;;;;;;;;;;;;;;;;;;;;;;;;;;;;;;;;;;;;;;;;;;;;;;;;;;;;;;;;;;;;;;;;;;;;;;;;;;;;;;;;;;;;;;;;;;;;;;;;;;;;;;;;;;;;;;;;;;;;;;;;;;;;;;;;;;;;;;;;;;;;;;;;;;;;;;
ATLANTICO;Barranquilla;;Barranquilla, Edificio Cámara de Comercio. Calle 40 No. 44 - 39 Pisos 3;Procuraduria  Regional, Procuradurias  Judicial II Adtvo 14, 15, 117, 118, PJ I Adtvos 61 y 63, 172, 173, 174 y 197, PJ II Asuntos Civiles 13, PJ I Asuntos del Trabajo 20, Centro de Conciliación en material civil y Asuntos civiles, Coordinación Administrativa;1,183;;;SI;SI;CONVENIO 027-2016;;;;;;;;;;;;;;;;;;;;;;;;;;;;;;;;;;;;;;;;;;;;;;;;;;;;;;;;;;;;;;;;;;;;;;;;;;;;;;;;;;;;;;;;;;;;;;;;;;;;;;;;;;;;;;;;;;;;;;;;;;;;;;;;;;;;;;;;;;;;;;;;;;;;;;;;;;;;;;;;;;;;;;;;;;;;;;;;;;;;;
ATLANTICO;Barranquilla;1;Barranquilla, Edificio Banco Popular. Carrera 44 No. 38 - 11 Pisos 6;Procuraduria  Provincial, PJ II  Ambiental y Agraria 9, PJ II Apoyo Victimas 6, PJ II Familia 5, PJ II, PJ II Asuntos del Trabajo y Seg. Social 32, PJ I Penal 207, PJ I Restitución de Tierras 46, PJ I Penal 209, Investigaciones Especiales;624;43;PROPIO;SI;SI;;;;;;;;;;;;;;;;;;;;;;;;;;;;;;;;;;;;;;;;;;;;;;;;;;;;;;;;;;;;;;;;;;;;;;;;;;;;;;;;;;;;;;;;;;;;;;;;;;;;;;;;;;;;;;;;;;;;;;;;;;;;;;;;;;;;;;;;;;;;;;;;;;;;;;;;;;;;;;;;;;;;;;;;;;;;;;;;;;;;;;
ATLANTICO;Barranquilla;;Barranquilla, Edificio Banco Popular. Carrera 44 No. 38 - 11 Pisos 10 ;Procuraduria  Provincial, PJ II  Ambiental y Agraria 9, PJ II Apoyo Victimas 6, PJ II Familia 5, PJ II, PJ II Asuntos del Trabajo y Seg. Social 32, PJ I Penal 207, PJ I Restitución de Tierras 46, PJ I Penal 209, Investigaciones Especiales;624;;;SI;SI;;;;;;;;;;;;;;;;;;;;;;;;;;;;;;;;;;;;;;;;;;;;;;;;;;;;;;;;;;;;;;;;;;;;;;;;;;;;;;;;;;;;;;;;;;;;;;;;;;;;;;;;;;;;;;;;;;;;;;;;;;;;;;;;;;;;;;;;;;;;;;;;;;;;;;;;;;;;;;;;;;;;;;;;;;;;;;;;;;;;;;
ATLANTICO;Barranquilla;;Barranquilla, Edificio Banco Popular. Carrera 44 No. 38 - 11 Pisos  17;Procuraduria  Provincial, PJ II  Ambiental y Agraria 9, PJ II Apoyo Victimas 6, PJ II Familia 5, PJ II, PJ II Asuntos del Trabajo y Seg. Social 32, PJ I Penal 207, PJ I Restitución de Tierras 46, PJ I Penal 209, Investigaciones Especiales;624;;;SI;SI;;;;;;;;;;;;;;;;;;;;;;;;;;;;;;;;;;;;;;;;;;;;;;;;;;;;;;;;;;;;;;;;;;;;;;;;;;;;;;;;;;;;;;;;;;;;;;;;;;;;;;;;;;;;;;;;;;;;;;;;;;;;;;;;;;;;;;;;;;;;;;;;;;;;;;;;;;;;;;;;;;;;;;;;;;;;;;;;;;;;;;
ATLANTICO;Barranquilla;1;Barranquilla, Centro Civico Barranquilla. Calle 40 No. 44 - 40 Piso 5;Procuraduria  Judicial II Familia 50, PJ II Penal 43, 45, 46, 47, 48, 49, 50, 352, 353, 355, PJ I Penal 208, PJ I Laboral 211 y PJ I Asuntos del Trabajo 20;457;25;TENENCIA;SI;SI;;;;;;;;;;;;;;;;;;;;;;;;;;;;;;;;;;;;;;;;;;;;;;;;;;;;;;;;;;;;;;;;;;;;;;;;;;;;;;;;;;;;;;;;;;;;;;;;;;;;;;;;;;;;;;;;;;;;;;;;;;;;;;;;;;;;;;;;;;;;;;;;;;;;;;;;;;;;;;;;;;;;;;;;;;;;;;;;;;;;;;
BOGOTA;Bogotá;1;Bogotá, Torre A. Carrera 5 N° 15-80;Sede central;25,191;1402;PROPIO;SI;SI;;;;;;;;;;;;;;;;;;;;;;;;;;;;;;;;;;;;;;;;;;;;;;;;;;;;;;;;;;;;;;;;;;;;;;;;;;;;;;;;;;;;;;;;;;;;;;;;;;;;;;;;;;;;;;;;;;;;;;;;;;;;;;;;;;;;;;;;;;;;;;;;;;;;;;;;;;;;;;;;;;;;;;;;;;;;;;;;;;;;;;
BOGOTA;Bogotá;1;Bogotá, Torre B. Carrera 5 N° 15-60;Sede central;3,062;129;PROPIO;SI;SI;;;;;;;;;;;;;;;;;;;;;;;;;;;;;;;;;;;;;;;;;;;;;;;;;;;;;;;;;;;;;;;;;;;;;;;;;;;;;;;;;;;;;;;;;;;;;;;;;;;;;;;;;;;;;;;;;;;;;;;;;;;;;;;;;;;;;;;;;;;;;;;;;;;;;;;;;;;;;;;;;;;;;;;;;;;;;;;;;;;;;;
BOGOTA;Bogotá;1;Bogotá, Torre C. Calle 16 N° 4-75;Sede central;5,760;189;PROPIO;SI;NO;;;;;;;;;;;;;;;;;;;;;;;;;;;;;;;;;;;;;;;;;;;;;;;;;;;;;;;;;;;;;;;;;;;;;;;;;;;;;;;;;;;;;;;;;;;;;;;;;;;;;;;;;;;;;;;;;;;;;;;;;;;;;;;;;;;;;;;;;;;;;;;;;;;;;;;;;;;;;;;;;;;;;;;;;;;;;;;;;;;;;;
BOGOTA;Bogotá;1;Bogotá, Carrera 10 N° 16-82, Ed. Manuel Mejía Piso 5;PJ II Civiles 1, 4 y 31, PJ I Familia 7, 149, 33, 34 y 235, Sala audiencias, Sindicatos (Sintraprocuraduria y Procurando) y oficinas archivo de las Distritales I y II;3,471;46;ARRIENDO;SI;SI;;;;;;;;;;;;;;;;;;;;;;;;;;;;;;;;;;;;;;;;;;;;;;;;;;;;;;;;;;;;;;;;;;;;;;;;;;;;;;;;;;;;;;;;;;;;;;;;;;;;;;;;;;;;;;;;;;;;;;;;;;;;;;;;;;;;;;;;;;;;;;;;;;;;;;;;;;;;;;;;;;;;;;;;;;;;;;;;;;;;;;
BOGOTA;Bogotá;1;Bogotá, Carrera 10 N° 16-82, Ed. Manuel Mejía Piso 6;Judiciales I Laborales 2, 6 y 7,  PJ II Agrario 30, Judicial I Penales 233, 315, 377, 379, Judiciales II Penales 1, 13, 18, 26, 98, 136, 219, 234, 237, 240, 241, 242, 243, 300, 324, 325, 326, 365, 366, 367, 368, 369, 370, 371, 372, 373, 374, 375, 376, 378, 380, 381, 382;3,471;62;;SI;SI;;;;;;;;;;;;;;;;;;;;;;;;;;;;;;;;;;;;;;;;;;;;;;;;;;;;;;;;;;;;;;;;;;;;;;;;;;;;;;;;;;;;;;;;;;;;;;;;;;;;;;;;;;;;;;;;;;;;;;;;;;;;;;;;;;;;;;;;;;;;;;;;;;;;;;;;;;;;;;;;;;;;;;;;;;;;;;;;;;;;;;
BOGOTA;Bogotá;1;Bogotá, Carrera 10 N° 16-82, Ed. Manuel Mejía Psio 7;"P Judicial II Agrario 4, 22, 25 y 27; P Judicial II Penal 4, 9, 24, 25, 29, 31, 32, 97, 98, 110 y 237; P Judicial II Civiles 8, 22 y 23; P Judicial II Restitución Tierras 3, 5 y 6; Judicial I Restitución Tierras 7, 10, 27, 30 y 36";3,471;57;PROPIO;SI;SI;;;;;;;;;;;;;;;;;;;;;;;;;;;;;;;;;;;;;;;;;;;;;;;;;;;;;;;;;;;;;;;;;;;;;;;;;;;;;;;;;;;;;;;;;;;;;;;;;;;;;;;;;;;;;;;;;;;;;;;;;;;;;;;;;;;;;;;;;;;;;;;;;;;;;;;;;;;;;;;;;;;;;;;;;;;;;;;;;;;;;;
BOGOTA;Bogotá;1;Bogotá, Carrera 10 N° 16-82, Ed. Manuel Mejía Piso 8;"Judiciales II Agrarios 4, 22, 25 y 27; Judiciales II Penales 24, 27, 31, 32, 97, 98, 110 y 237; Judicial I Penal 14; Judiciales II Restitución Tierras 3, 5 y 6; Judicial I Restitución Tierras 7, 10, 27, 30 y 36";3,471;58;;SI;SI;;;;;;;;;;;;;;;;;;;;;;;;;;;;;;;;;;;;;;;;;;;;;;;;;;;;;;;;;;;;;;;;;;;;;;;;;;;;;;;;;;;;;;;;;;;;;;;;;;;;;;;;;;;;;;;;;;;;;;;;;;;;;;;;;;;;;;;;;;;;;;;;;;;;;;;;;;;;;;;;;;;;;;;;;;;;;;;;;;;;;;
BOGOTA;Bogotá;1;Bogotá, Carrera 10 N° 16-82, Ed. Manuel Mejía Piso 9;Procuradurías Distritales I y II y Regional Cundinamarca;3,471;99;;SI;SI;;;;;;;;;;;;;;;;;;;;;;;;;;;;;;;;;;;;;;;;;;;;;;;;;;;;;;;;;;;;;;;;;;;;;;;;;;;;;;;;;;;;;;;;;;;;;;;;;;;;;;;;;;;;;;;;;;;;;;;;;;;;;;;;;;;;;;;;;;;;;;;;;;;;;;;;;;;;;;;;;;;;;;;;;;;;;;;;;;;;;;
BOGOTA;Bogotá;1;Bogotá, Carrera 10 N° 16-82, Ed. Manuel Mejía Piso 10;"Procuradurías Judiciales II Penales 2, 35, 154, 314, 350, 354, 356, 358, 359, 364, 367; PJ II Apoyo Victimas 1, 2, 3 y 4 ";3,471;35;;SI;SI;;;;;;;;;;;;;;;;;;;;;;;;;;;;;;;;;;;;;;;;;;;;;;;;;;;;;;;;;;;;;;;;;;;;;;;;;;;;;;;;;;;;;;;;;;;;;;;;;;;;;;;;;;;;;;;;;;;;;;;;;;;;;;;;;;;;;;;;;;;;;;;;;;;;;;;;;;;;;;;;;;;;;;;;;;;;;;;;;;;;;;
BOGOTA;Bogotá;1;Bogotá. Carrera 19 N° 22 B- 20 Barrio Samper Mendoza;Bodega de Archivo Central PGN;1,967;6;PROPIO;SI;NO;;;;;;;;;;;;;;;;;;;;;;;;;;;;;;;;;;;;;;;;;;;;;;;;;;;;;;;;;;;;;;;;;;;;;;;;;;;;;;;;;;;;;;;;;;;;;;;;;;;;;;;;;;;;;;;;;;;;;;;;;;;;;;;;;;;;;;;;;;;;;;;;;;;;;;;;;;;;;;;;;;;;;;;;;;;;;;;;;;;;;;
BOGOTA;Bogotá;1;Bogotá, Paloquemao. Carrera 25 N° 17-45 Barrio Paloquemao;Almacén General ;1,935;2;PROPIO;SI;NO;;;;;;;;;;;;;;;;;;;;;;;;;;;;;;;;;;;;;;;;;;;;;;;;;;;;;;;;;;;;;;;;;;;;;;;;;;;;;;;;;;;;;;;;;;;;;;;;;;;;;;;;;;;;;;;;;;;;;;;;;;;;;;;;;;;;;;;;;;;;;;;;;;;;;;;;;;;;;;;;;;;;;;;;;;;;;;;;;;;;;;
BOGOTA;Bogotá;1;Bogotá. Puente Aranda, Carrera 65 # 14-91;Bodega;615;1;PROPIO;;NO;;;;;;;;;;;;;;;;;;;;;;;;;;;;;;;;;;;;;;;;;;;;;;;;;;;;;;;;;;;;;;;;;;;;;;;;;;;;;;;;;;;;;;;;;;;;;;;;;;;;;;;;;;;;;;;;;;;;;;;;;;;;;;;;;;;;;;;;;;;;;;;;;;;;;;;;;;;;;;;;;;;;;;;;;;;;;;;;;;;;;;
BOGOTA;Bogotá;1;Bogotá, Edificio Avianca Cll. 16 # 6-66 Edif. Avianca pisos 19 y 32;Procuraduria  Delegada Ante Jurisdicción Para La Paz (JEP); ;274;ARRIENDO;;SI;;;;;;;;;;;;;;;;;;;;;;;;;;;;;;;;;;;;;;;;;;;;;;;;;;;;;;;;;;;;;;;;;;;;;;;;;;;;;;;;;;;;;;;;;;;;;;;;;;;;;;;;;;;;;;;;;;;;;;;;;;;;;;;;;;;;;;;;;;;;;;;;;;;;;;;;;;;;;;;;;;;;;;;;;;;;;;;;;;;;;;
BOLIVAR;Cartagena;1;Cartagena, Casa colonia de la Chicheria Carrera 5 A No. 38 - 64;Procuraduria Regional, P Judicial I Laboral 14;482;25;PROPIO;SI;NO;;;;;;;;;;;;;;;;;;;;;;;;;;;;;;;;;;;;;;;;;;;;;;;;;;;;;;;;;;;;;;;;;;;;;;;;;;;;;;;;;;;;;;;;;;;;;;;;;;;;;;;;;;;;;;;;;;;;;;;;;;;;;;;;;;;;;;;;;;;;;;;;;;;;;;;;;;;;;;;;;;;;;;;;;;;;;;;;;;;;;;
BOLIVAR;Cartagena;1;Cartagena, Banco Agrario. Calle 33 No. 8 - 20 piso 2°  Centro  la Matuna;"Procuraduria  Provincial; P. Judiciales II Adtvas 21, 22 y 130; P. Judiciales I Adtivas 65, 66, 175 y 176; P Judiciales II Penales 82, 83 y 84; Penales I 31, y 291; P Judiciales I Tierras 1 y 9; PJ  Judicial II Tierras 16 y 42; P Judicial II Civil 9; P Judicial II Familia 10; Funcionaria de la Delegada Asuntos Etnicos; Funcionaria Delegada Asuntos Ambientales ";532;61;PROPIO;SI;SI;;;;;;;;;;;;;;;;;;;;;;;;;;;;;;;;;;;;;;;;;;;;;;;;;;;;;;;;;;;;;;;;;;;;;;;;;;;;;;;;;;;;;;;;;;;;;;;;;;;;;;;;;;;;;;;;;;;;;;;;;;;;;;;;;;;;;;;;;;;;;;;;;;;;;;;;;;;;;;;;;;;;;;;;;;;;;;;;;;;;;;
BOLIVAR;Cartagena;1;Cartagena, Banco Agrario. Calle 33 No. 8 - 20 piso  3 Centro  la Matuna 303 y  305;Coordinación administrativa;;;ARRIENDO;SI;SI;;;;;;;;;;;;;;;;;;;;;;;;;;;;;;;;;;;;;;;;;;;;;;;;;;;;;;;;;;;;;;;;;;;;;;;;;;;;;;;;;;;;;;;;;;;;;;;;;;;;;;;;;;;;;;;;;;;;;;;;;;;;;;;;;;;;;;;;;;;;;;;;;;;;;;;;;;;;;;;;;;;;;;;;;;;;;;;;;;;;;;
BOLIVAR;Cartagena;1;Cartagena, Banco Agrario. Calle 33 No. 8 - 20 piso  3 Centro  la Matuna Oficina 302 y  304;Coordinación administrativa Procuraduria 31 penal  I y  66,  17 administratia I y  130 judicial  administrativa II;;;ARRIENDO;SI;SI;;;;;;;;;;;;;;;;;;;;;;;;;;;;;;;;;;;;;;;;;;;;;;;;;;;;;;;;;;;;;;;;;;;;;;;;;;;;;;;;;;;;;;;;;;;;;;;;;;;;;;;;;;;;;;;;;;;;;;;;;;;;;;;;;;;;;;;;;;;;;;;;;;;;;;;;;;;;;;;;;;;;;;;;;;;;;;;;;;;;;;
BOLIVAR;Cartagena;1;Cartagena, Casa de Justicia Canapote piso 2;Procuraduria  Judicial II Familia 115; ;2;TENENCIA; ; ;;;;;;;;;;;;;;;;;;;;;;;;;;;;;;;;;;;;;;;;;;;;;;;;;;;;;;;;;;;;;;;;;;;;;;;;;;;;;;;;;;;;;;;;;;;;;;;;;;;;;;;;;;;;;;;;;;;;;;;;;;;;;;;;;;;;;;;;;;;;;;;;;;;;;;;;;;;;;;;;;;;;;;;;;;;;;;;;;;;;;;
BOLIVAR;Carmen de Bolivar;1;Carmen de Bolivar. Carrera 53 No 21-75;Procuraduria Provincial y Asesor P. Delegada ante la JEP;290;6;PROPIO;NO;NO;;;;;;;;;;;;;;;;;;;;;;;;;;;;;;;;;;;;;;;;;;;;;;;;;;;;;;;;;;;;;;;;;;;;;;;;;;;;;;;;;;;;;;;;;;;;;;;;;;;;;;;;;;;;;;;;;;;;;;;;;;;;;;;;;;;;;;;;;;;;;;;;;;;;;;;;;;;;;;;;;;;;;;;;;;;;;;;;;;;;;;
BOLIVAR;Magangué;1;Magangué. Calle 15 No. 7-28;Procuraduria  Provincial, P Judicial I Penal 212 y P Judicial I Agraria 188;356;14;PROPIO;SI;NO;;;;;;;;;;;;;;;;;;;;;;;;;;;;;;;;;;;;;;;;;;;;;;;;;;;;;;;;;;;;;;;;;;;;;;;;;;;;;;;;;;;;;;;;;;;;;;;;;;;;;;;;;;;;;;;;;;;;;;;;;;;;;;;;;;;;;;;;;;;;;;;;;;;;;;;;;;;;;;;;;;;;;;;;;;;;;;;;;;;;;;
BOLIVAR;Magangué;1;Magangué, Edificio Don Elias. Calle 11 No. 2 - 22 Piso 3.;Bodega;153;0;PROPIO;NO;SI;Oficina Tercer piso desocupado - edificacion en mal estado;;;;;;;;;;;;;;;;;;;;;;;;;;;;;;;;;;;;;;;;;;;;;;;;;;;;;;;;;;;;;;;;;;;;;;;;;;;;;;;;;;;;;;;;;;;;;;;;;;;;;;;;;;;;;;;;;;;;;;;;;;;;;;;;;;;;;;;;;;;;;;;;;;;;;;;;;;;;;;;;;;;;;;;;;;;;;;;;;;;;;
BOYACA;Chiquinquirá;1;Chiquinquirá. Carrera 9 No. 12 - 20 PISO 3;Procuraduria  Provincial, P. Judicial I Penal 215;106;10;PROPIO;SI;SI;;;;;;;;;;;;;;;;;;;;;;;;;;;;;;;;;;;;;;;;;;;;;;;;;;;;;;;;;;;;;;;;;;;;;;;;;;;;;;;;;;;;;;;;;;;;;;;;;;;;;;;;;;;;;;;;;;;;;;;;;;;;;;;;;;;;;;;;;;;;;;;;;;;;;;;;;;;;;;;;;;;;;;;;;;;;;;;;;;;;;;
BOYACA;Guateque;1;Guateque. Calle 9 No. 7 - 19;Procuraduria Provincial;222;8;PROPIO;SI;NO;;;;;;;;;;;;;;;;;;;;;;;;;;;;;;;;;;;;;;;;;;;;;;;;;;;;;;;;;;;;;;;;;;;;;;;;;;;;;;;;;;;;;;;;;;;;;;;;;;;;;;;;;;;;;;;;;;;;;;;;;;;;;;;;;;;;;;;;;;;;;;;;;;;;;;;;;;;;;;;;;;;;;;;;;;;;;;;;;;;;;;
BOYACA;Santa Rosa Viterbo;1;Santa Rosa Viterbo Calle 8 No.6-87;Provincial;205;12;PROPIO;SI;NO;;;;;;;;;;;;;;;;;;;;;;;;;;;;;;;;;;;;;;;;;;;;;;;;;;;;;;;;;;;;;;;;;;;;;;;;;;;;;;;;;;;;;;;;;;;;;;;;;;;;;;;;;;;;;;;;;;;;;;;;;;;;;;;;;;;;;;;;;;;;;;;;;;;;;;;;;;;;;;;;;;;;;;;;;;;;;;;;;;;;;;
BOYACA;Santa Rosa Viterbo;1;Santa Rosa Viterbo, Palacio de Justicia. Carrera 5 No.7-50 Oficinas 201, 305 y 306;Procuradurias  Judiciales II Penal 165 y 166 y P. Judicial II Familia 26;91;6;TENENCIA;SI;NO;Sede en tenencia;;;;;;;;;;;;;;;;;;;;;;;;;;;;;;;;;;;;;;;;;;;;;;;;;;;;;;;;;;;;;;;;;;;;;;;;;;;;;;;;;;;;;;;;;;;;;;;;;;;;;;;;;;;;;;;;;;;;;;;;;;;;;;;;;;;;;;;;;;;;;;;;;;;;;;;;;;;;;;;;;;;;;;;;;;;;;;;;;;;;;
BOYACA;Tunja;1;Tunja,  Edificio Camol. Carrera 10 No. 21 - 15 Piso 2;Procuraduria  Regional y Coordinacion Adtva.;334;19;PROPIO;SI;SI;;;;;;;;;;;;;;;;;;;;;;;;;;;;;;;;;;;;;;;;;;;;;;;;;;;;;;;;;;;;;;;;;;;;;;;;;;;;;;;;;;;;;;;;;;;;;;;;;;;;;;;;;;;;;;;;;;;;;;;;;;;;;;;;;;;;;;;;;;;;;;;;;;;;;;;;;;;;;;;;;;;;;;;;;;;;;;;;;;;;;;
BOYACA;Tunja;;Tunja,  Edificio Camol. Carrera 10 No. 21 - 15 Piso 3;"P. Provincial, P. Judiciales II Penales 172, 173 y 174; Penales I Penales 242 y 247; P Judicial II Ambiental y Agraria 2 y 32 Judicial I Agraria; P. Judicial II Familia 30";334;31;;SI;SI;;;;;;;;;;;;;;;;;;;;;;;;;;;;;;;;;;;;;;;;;;;;;;;;;;;;;;;;;;;;;;;;;;;;;;;;;;;;;;;;;;;;;;;;;;;;;;;;;;;;;;;;;;;;;;;;;;;;;;;;;;;;;;;;;;;;;;;;;;;;;;;;;;;;;;;;;;;;;;;;;;;;;;;;;;;;;;;;;;;;;;
BOYACA;Tunja;;Tunja,  Edificio Camol. Carrera 10 No. 21 - 15 Piso 8;Procuraduría 247 Judicial I Penal, funcionarios de la Provincial de Tunja y la sala de Audiencias de la ciudad de Tunja – Boyacá,; ;3;ARRIENDO; ;SI;;;;;;;;;;;;;;;;;;;;;;;;;;;;;;;;;;;;;;;;;;;;;;;;;;;;;;;;;;;;;;;;;;;;;;;;;;;;;;;;;;;;;;;;;;;;;;;;;;;;;;;;;;;;;;;;;;;;;;;;;;;;;;;;;;;;;;;;;;;;;;;;;;;;;;;;;;;;;;;;;;;;;;;;;;;;;;;;;;;;;;
BOYACA;Tunja;1;Tunja, Edificio Hunzaúa. Calle 21 No. 10 - 76 Oficina 201;"P. Judicial II Administrativa 45, 46, 121 y 122; Judiciales I Adtvas 67, 68, 69 y 177; P Judicial I Laboral 11";176;17;PROPIO;SI;SI;;;;;;;;;;;;;;;;;;;;;;;;;;;;;;;;;;;;;;;;;;;;;;;;;;;;;;;;;;;;;;;;;;;;;;;;;;;;;;;;;;;;;;;;;;;;;;;;;;;;;;;;;;;;;;;;;;;;;;;;;;;;;;;;;;;;;;;;;;;;;;;;;;;;;;;;;;;;;;;;;;;;;;;;;;;;;;;;;;;;;;
BOYACA;Moniquirá;1;Moniquira Carrera  5 # 18-09 oficina 214b;P. Judicial I Penal 264;;1;ARRIENDO;  ;SI;;;;;;;;;;;;;;;;;;;;;;;;;;;;;;;;;;;;;;;;;;;;;;;;;;;;;;;;;;;;;;;;;;;;;;;;;;;;;;;;;;;;;;;;;;;;;;;;;;;;;;;;;;;;;;;;;;;;;;;;;;;;;;;;;;;;;;;;;;;;;;;;;;;;;;;;;;;;;;;;;;;;;;;;;;;;;;;;;;;;;;
BOYACA;Duitama;1;Duitama Carrera. 15 # 14-58 oficina 504;P. Judicial I Administrativo 178;;2;ARRIENDO; ;SI;;;;;;;;;;;;;;;;;;;;;;;;;;;;;;;;;;;;;;;;;;;;;;;;;;;;;;;;;;;;;;;;;;;;;;;;;;;;;;;;;;;;;;;;;;;;;;;;;;;;;;;;;;;;;;;;;;;;;;;;;;;;;;;;;;;;;;;;;;;;;;;;;;;;;;;;;;;;;;;;;;;;;;;;;;;;;;;;;;;;;;
BOYACA;Sogamoso;1;Sogamoso Calle. 12 No. 9-58;P. Provincial, Judicial I Penal 216;;8;ARRIENDO; ;NO;;;;;;;;;;;;;;;;;;;;;;;;;;;;;;;;;;;;;;;;;;;;;;;;;;;;;;;;;;;;;;;;;;;;;;;;;;;;;;;;;;;;;;;;;;;;;;;;;;;;;;;;;;;;;;;;;;;;;;;;;;;;;;;;;;;;;;;;;;;;;;;;;;;;;;;;;;;;;;;;;;;;;;;;;;;;;;;;;;;;;;
BOYACA;Puerto Boyaca;1;Puerto Boyaca,  carrera 5#20-41,  Centro de Convivencia Ciudadano;Procuraduria  Judicial I Penal 214;9;1;COMODATO;SI;NO;;;;;;;;;;;;;;;;;;;;;;;;;;;;;;;;;;;;;;;;;;;;;;;;;;;;;;;;;;;;;;;;;;;;;;;;;;;;;;;;;;;;;;;;;;;;;;;;;;;;;;;;;;;;;;;;;;;;;;;;;;;;;;;;;;;;;;;;;;;;;;;;;;;;;;;;;;;;;;;;;;;;;;;;;;;;;;;;;;;;;;
CALDAS;Manizales;1;Manizales, Edificio Banco del Comercio. Calle 22 No. 22 - 26 Pisos 3 ;"P. Judiciales II Penales 12, 105, 106, 107 y 108; P. Judiciales II Adtvos 28 y 29; P. Judicial II Ambiental 5; PJ II Familia 15; PJ I Infancia y Adolescencia Familia 217";620;18;PROPIO;SI;SI;;;;;;;;;;;;;;;;;;;;;;;;;;;;;;;;;;;;;;;;;;;;;;;;;;;;;;;;;;;;;;;;;;;;;;;;;;;;;;;;;;;;;;;;;;;;;;;;;;;;;;;;;;;;;;;;;;;;;;;;;;;;;;;;;;;;;;;;;;;;;;;;;;;;;;;;;;;;;;;;;;;;;;;;;;;;;;;;;;;;;;
CALDAS;Manizales;;Manizales, Edificio Banco del Comercio. Calle 22 No. 22 - 26 Pisos  11;Procuraduria  Regional y Coordinación Adtva.; ;14;;SI;SI;;;;;;;;;;;;;;;;;;;;;;;;;;;;;;;;;;;;;;;;;;;;;;;;;;;;;;;;;;;;;;;;;;;;;;;;;;;;;;;;;;;;;;;;;;;;;;;;;;;;;;;;;;;;;;;;;;;;;;;;;;;;;;;;;;;;;;;;;;;;;;;;;;;;;;;;;;;;;;;;;;;;;;;;;;;;;;;;;;;;;;
CALDAS;Manizales;1;Manizales, Edificio Millan y Asociados. Calle 21 No. 21 - 45 Piso 13 ;"P. Judiciales I Adtvos 60, 180, 181 y 187; P Judicial I Penal 187; PJ II Restitución Tierras 17 y Judicial I Restitución Tierras 32; PJ II Ambiental y Agrario 19; PJ I Laboral 15";318;13;PROPIO;SI;SI;;;;;;;;;;;;;;;;;;;;;;;;;;;;;;;;;;;;;;;;;;;;;;;;;;;;;;;;;;;;;;;;;;;;;;;;;;;;;;;;;;;;;;;;;;;;;;;;;;;;;;;;;;;;;;;;;;;;;;;;;;;;;;;;;;;;;;;;;;;;;;;;;;;;;;;;;;;;;;;;;;;;;;;;;;;;;;;;;;;;;;
CALDAS;Manizales;;Manizales, Edificio Millan y Asociados. Calle 21 No. 21 - 45 Piso 18;Procuraduria  Provincial; ;12;;SI;SI;;;;;;;;;;;;;;;;;;;;;;;;;;;;;;;;;;;;;;;;;;;;;;;;;;;;;;;;;;;;;;;;;;;;;;;;;;;;;;;;;;;;;;;;;;;;;;;;;;;;;;;;;;;;;;;;;;;;;;;;;;;;;;;;;;;;;;;;;;;;;;;;;;;;;;;;;;;;;;;;;;;;;;;;;;;;;;;;;;;;;;
CALDAS;La Dorada;1;La Dorada, Calle  16 # 1-45 oficina 405;Procuraduria  Judicial I Penal 255;;1;ARRIENDO;;;;;;;;;;;;;;;;;;;;;;;;;;;;;;;;;;;;;;;;;;;;;;;;;;;;;;;;;;;;;;;;;;;;;;;;;;;;;;;;;;;;;;;;;;;;;;;;;;;;;;;;;;;;;;;;;;;;;;;;;;;;;;;;;;;;;;;;;;;;;;;;;;;;;;;;;;;;;;;;;;;;;;;;;;;;;;;;;;;;;;;;
CAQUETA;Florencia;1;Florencia. Carrera 9 No. 9 - 65;"Procuraduria  Regional; Judicial II Penal 96, Judiciales I Penales 220 y 323; PJ II Administrativa 21; JP I Adtva 71; PJ II Familia 13; PJ II Ambiental y Agraria 18";520;30;PROPIO;SI;NO;;;;;;;;;;;;;;;;;;;;;;;;;;;;;;;;;;;;;;;;;;;;;;;;;;;;;;;;;;;;;;;;;;;;;;;;;;;;;;;;;;;;;;;;;;;;;;;;;;;;;;;;;;;;;;;;;;;;;;;;;;;;;;;;;;;;;;;;;;;;;;;;;;;;;;;;;;;;;;;;;;;;;;;;;;;;;;;;;;;;;;
CASANARE;Yopal;1;Yopal. Calle 7 No. 22 - 85;Procuraduria  Regional, P. Judicial II Adtvo 53, PJ I Adtvo 72 y 182, PJ II Ambiental y Agraria 23, PJ II Apoyo a víctimas 24, PJ II Penal 162, PJ I Penal 222 y 223, PJ II Familia 12 y Coordinación Adtva;437;24;PROPIO;SI;NO;;;;;;;;;;;;;;;;;;;;;;;;;;;;;;;;;;;;;;;;;;;;;;;;;;;;;;;;;;;;;;;;;;;;;;;;;;;;;;;;;;;;;;;;;;;;;;;;;;;;;;;;;;;;;;;;;;;;;;;;;;;;;;;;;;;;;;;;;;;;;;;;;;;;;;;;;;;;;;;;;;;;;;;;;;;;;;;;;;;;;;
CAUCA;Popayán;1;Popayán. Calle 3 No. 3 - 60 Casa Colonial ;"Procuraduria  Regional, Coordinación Adtva; Judicial I Adtva 73 y 183";565;17;PROPIO;SI;NO;;;;;;;;;;;;;;;;;;;;;;;;;;;;;;;;;;;;;;;;;;;;;;;;;;;;;;;;;;;;;;;;;;;;;;;;;;;;;;;;;;;;;;;;;;;;;;;;;;;;;;;;;;;;;;;;;;;;;;;;;;;;;;;;;;;;;;;;;;;;;;;;;;;;;;;;;;;;;;;;;;;;;;;;;;;;;;;;;;;;;;
CAUCA;Popayán;1;Popayán. Calle  4 # 3 - 63 Casa Colonial;Provincial;455;20;PROPIO;SI;NO;;;;;;;;;;;;;;;;;;;;;;;;;;;;;;;;;;;;;;;;;;;;;;;;;;;;;;;;;;;;;;;;;;;;;;;;;;;;;;;;;;;;;;;;;;;;;;;;;;;;;;;;;;;;;;;;;;;;;;;;;;;;;;;;;;;;;;;;;;;;;;;;;;;;;;;;;;;;;;;;;;;;;;;;;;;;;;;;;;;;;;
CAUCA;Popayán;1;Popayán, Palacio Nacional de Justicia Francisco de Paula Santander. Calle 3 A No.3-31 ;"Procuradurias  Judiciales II Penales 81,153,155 y 156; Judiciales I Penales 188, 224, 386; P Judicial I Adtvo 188";162;14;TENENCIA;;NO;;;;;;;;;;;;;;;;;;;;;;;;;;;;;;;;;;;;;;;;;;;;;;;;;;;;;;;;;;;;;;;;;;;;;;;;;;;;;;;;;;;;;;;;;;;;;;;;;;;;;;;;;;;;;;;;;;;;;;;;;;;;;;;;;;;;;;;;;;;;;;;;;;;;;;;;;;;;;;;;;;;;;;;;;;;;;;;;;;;;;;
CAUCA;El Bordo;1;El Bordo,  Casa de la Cultura ;Judicial I Penal 225;;1;ARRIENDO;;;;;;;;;;;;;;;;;;;;;;;;;;;;;;;;;;;;;;;;;;;;;;;;;;;;;;;;;;;;;;;;;;;;;;;;;;;;;;;;;;;;;;;;;;;;;;;;;;;;;;;;;;;;;;;;;;;;;;;;;;;;;;;;;;;;;;;;;;;;;;;;;;;;;;;;;;;;;;;;;;;;;;;;;;;;;;;;;;;;;;;;
CAUCA;Santander de Quilichao;1;Santander de Quilichao Carrera. 8 # 4-33/36/41;Procuraduria Provincial, Judicial I Penal 226;;13;ARRIENDO;;;;;;;;;;;;;;;;;;;;;;;;;;;;;;;;;;;;;;;;;;;;;;;;;;;;;;;;;;;;;;;;;;;;;;;;;;;;;;;;;;;;;;;;;;;;;;;;;;;;;;;;;;;;;;;;;;;;;;;;;;;;;;;;;;;;;;;;;;;;;;;;;;;;;;;;;;;;;;;;;;;;;;;;;;;;;;;;;;;;;;;;
CESAR;Valledupar;1;Valledupar, Banco Agrario. Calle 16 No.9-30 Pisos 5;"P Judiciales II Agrario 8; PJ II Adtvos 47 y 123; PJ I Adtva 75 y 185; PJ II Familia 29; PJ II Restitución Tierras 22; PJ I Restitución Tierras 33 y 49; Coordinación Adtva y Sala de Audiencias";562;24;PROPIO;NO;SI;;;;;;;;;;;;;;;;;;;;;;;;;;;;;;;;;;;;;;;;;;;;;;;;;;;;;;;;;;;;;;;;;;;;;;;;;;;;;;;;;;;;;;;;;;;;;;;;;;;;;;;;;;;;;;;;;;;;;;;;;;;;;;;;;;;;;;;;;;;;;;;;;;;;;;;;;;;;;;;;;;;;;;;;;;;;;;;;;;;;;;
CESAR;Valledupar;;Valledupar, Banco Agrario. Calle 16 No.9-30 Pisos 6;"P. Regional y Provincial; PJ I Adtva 76; PJ II Penales 42, 176, 177, y 227 y PJ II de Victimas 22";562;37;;NO;SI;;;;;;;;;;;;;;;;;;;;;;;;;;;;;;;;;;;;;;;;;;;;;;;;;;;;;;;;;;;;;;;;;;;;;;;;;;;;;;;;;;;;;;;;;;;;;;;;;;;;;;;;;;;;;;;;;;;;;;;;;;;;;;;;;;;;;;;;;;;;;;;;;;;;;;;;;;;;;;;;;;;;;;;;;;;;;;;;;;;;;;
CESAR;Aguachica;1;Agua Chica, Carrera. 10 # 5a - 02;P. Judicial I Penal 269;;1;ARRIENDO;;;;;;;;;;;;;;;;;;;;;;;;;;;;;;;;;;;;;;;;;;;;;;;;;;;;;;;;;;;;;;;;;;;;;;;;;;;;;;;;;;;;;;;;;;;;;;;;;;;;;;;;;;;;;;;;;;;;;;;;;;;;;;;;;;;;;;;;;;;;;;;;;;;;;;;;;;;;;;;;;;;;;;;;;;;;;;;;;;;;;;;;
CESAR;Chiriguana;1;Chiriguna , Calle 7 No.5-40;P Judicial I Penal 228;;1;ARRIENDO;;;;;;;;;;;;;;;;;;;;;;;;;;;;;;;;;;;;;;;;;;;;;;;;;;;;;;;;;;;;;;;;;;;;;;;;;;;;;;;;;;;;;;;;;;;;;;;;;;;;;;;;;;;;;;;;;;;;;;;;;;;;;;;;;;;;;;;;;;;;;;;;;;;;;;;;;;;;;;;;;;;;;;;;;;;;;;;;;;;;;;;;
CHOCO;Quibdó;1;Quibdó, Banco Popular. Calle  25 No.2-16 Piso 3 oficinas 301 a 311;"P. Regional; P. Judicial II Adtva 41, PJ II Familia 23, PJ II Penal 157 y 158, PJ I Penal 400, PJ I Agrario 134, PJ I Adtva 77 y 186, PJ I Familia 187";402;30;PROPIO;SI;SI;;;;;;;;;;;;;;;;;;;;;;;;;;;;;;;;;;;;;;;;;;;;;;;;;;;;;;;;;;;;;;;;;;;;;;;;;;;;;;;;;;;;;;;;;;;;;;;;;;;;;;;;;;;;;;;;;;;;;;;;;;;;;;;;;;;;;;;;;;;;;;;;;;;;;;;;;;;;;;;;;;;;;;;;;;;;;;;;;;;;;;
CORDOBA;Montería;1;Montería, Calle 25 No.6-81 Edifico  3 pisos;"P. Regional, P. Provincial, P. Judicial I Adtvos 78 y 189; PJ I Restitución Tierras 34";512;40;PROPIO;SI;NO;;;;;;;;;;;;;;;;;;;;;;;;;;;;;;;;;;;;;;;;;;;;;;;;;;;;;;;;;;;;;;;;;;;;;;;;;;;;;;;;;;;;;;;;;;;;;;;;;;;;;;;;;;;;;;;;;;;;;;;;;;;;;;;;;;;;;;;;;;;;;;;;;;;;;;;;;;;;;;;;;;;;;;;;;;;;;;;;;;;;;;
CORDOBA;Montería;1;Montería, Calle  25 # 6-95 local 1;"P. Judicial II Administrativa 33, 124, JP I Adtvo 190, JP I Penal 229 y 230; PJ II Penal 37, 133 y 134; JP II Familia 18; PJ II Laboral "; ;18;ARRIENDO;SI;NO;;;;;;;;;;;;;;;;;;;;;;;;;;;;;;;;;;;;;;;;;;;;;;;;;;;;;;;;;;;;;;;;;;;;;;;;;;;;;;;;;;;;;;;;;;;;;;;;;;;;;;;;;;;;;;;;;;;;;;;;;;;;;;;;;;;;;;;;;;;;;;;;;;;;;;;;;;;;;;;;;;;;;;;;;;;;;;;;;;;;;;
CORDOBA;Montería;1;Montería, Casa Cll. 23 # 7-96 Montería;Desocupada;182;0;PROPIO;SI;NO;Casa desocupada - no cumple uso de suelo  institucional, según Oficina de Planeacion;;;;;;;;;;;;;;;;;;;;;;;;;;;;;;;;;;;;;;;;;;;;;;;;;;;;;;;;;;;;;;;;;;;;;;;;;;;;;;;;;;;;;;;;;;;;;;;;;;;;;;;;;;;;;;;;;;;;;;;;;;;;;;;;;;;;;;;;;;;;;;;;;;;;;;;;;;;;;;;;;;;;;;;;;;;;;;;;;;;;;
CUNDINAMARCA;Facatativá;1;Facativa , Carrera. 2 # 2-89;P. Provincial, Judicial I Penal 254 y 258, PJ I Administrativa198;;14;ARRIENDO;;;;;;;;;;;;;;;;;;;;;;;;;;;;;;;;;;;;;;;;;;;;;;;;;;;;;;;;;;;;;;;;;;;;;;;;;;;;;;;;;;;;;;;;;;;;;;;;;;;;;;;;;;;;;;;;;;;;;;;;;;;;;;;;;;;;;;;;;;;;;;;;;;;;;;;;;;;;;;;;;;;;;;;;;;;;;;;;;;;;;;;;
CUNDINAMARCA;Fusagasugá;1;Fusagasugá, Edificio Centrofusa. Carrera 8 No.6-41 Oficinas 605, 606, 607 y 608;P. Provincial, Judicial I Penal 251;165;11;PROPIO;SI;SI;;;;;;;;;;;;;;;;;;;;;;;;;;;;;;;;;;;;;;;;;;;;;;;;;;;;;;;;;;;;;;;;;;;;;;;;;;;;;;;;;;;;;;;;;;;;;;;;;;;;;;;;;;;;;;;;;;;;;;;;;;;;;;;;;;;;;;;;;;;;;;;;;;;;;;;;;;;;;;;;;;;;;;;;;;;;;;;;;;;;;;
CUNDINAMARCA;Girardot;1;Girardot , Calle 19 # 10-61;P. Provincial, P. Judicial I Adtiva 199, PJ I Penal 257;;14;ARRIENDO;;;;;;;;;;;;;;;;;;;;;;;;;;;;;;;;;;;;;;;;;;;;;;;;;;;;;;;;;;;;;;;;;;;;;;;;;;;;;;;;;;;;;;;;;;;;;;;;;;;;;;;;;;;;;;;;;;;;;;;;;;;;;;;;;;;;;;;;;;;;;;;;;;;;;;;;;;;;;;;;;;;;;;;;;;;;;;;;;;;;;;;;
CUNDINAMARCA;Chocontá;1;Choconta  Carrera  5 # 5-73 of. 306 Edifico  Molino del Parque;P. Judicial I Penal 250;;1;ARRIENDO;;;;;;;;;;;;;;;;;;;;;;;;;;;;;;;;;;;;;;;;;;;;;;;;;;;;;;;;;;;;;;;;;;;;;;;;;;;;;;;;;;;;;;;;;;;;;;;;;;;;;;;;;;;;;;;;;;;;;;;;;;;;;;;;;;;;;;;;;;;;;;;;;;;;;;;;;;;;;;;;;;;;;;;;;;;;;;;;;;;;;;;;
CUNDINAMARCA;Guaduas;1;Guaduas. Carrera. 2 # 3-41 local 1-01;P. Judicial I Penal 206;;2;ARRIENDO;;;;;;;;;;;;;;;;;;;;;;;;;;;;;;;;;;;;;;;;;;;;;;;;;;;;;;;;;;;;;;;;;;;;;;;;;;;;;;;;;;;;;;;;;;;;;;;;;;;;;;;;;;;;;;;;;;;;;;;;;;;;;;;;;;;;;;;;;;;;;;;;;;;;;;;;;;;;;;;;;;;;;;;;;;;;;;;;;;;;;;;;
CUNDINAMARCA;Soacha;1;Soacha Calle. 13 # 6-07 oficina 202 c.c. Soacha Plaza.;P. Judicial I Penal 221 y 260;;3;ARRIENDO;;;;;;;;;;;;;;;;;;;;;;;;;;;;;;;;;;;;;;;;;;;;;;;;;;;;;;;;;;;;;;;;;;;;;;;;;;;;;;;;;;;;;;;;;;;;;;;;;;;;;;;;;;;;;;;;;;;;;;;;;;;;;;;;;;;;;;;;;;;;;;;;;;;;;;;;;;;;;;;;;;;;;;;;;;;;;;;;;;;;;;;;
CUNDINAMARCA;Pacho;1;Pacho, Centro de acopio Mpal. Carrera 13 No.7-40;P. Judicial I Penal 259;22;1;COMODATO;SI;NO;CONVENIO 179-045-2016;;;;;;;;;;;;;;;;;;;;;;;;;;;;;;;;;;;;;;;;;;;;;;;;;;;;;;;;;;;;;;;;;;;;;;;;;;;;;;;;;;;;;;;;;;;;;;;;;;;;;;;;;;;;;;;;;;;;;;;;;;;;;;;;;;;;;;;;;;;;;;;;;;;;;;;;;;;;;;;;;;;;;;;;;;;;;;;;;;;;;
CUNDINAMARCA;Ubaté;1;Ubate, Carrera. 7 # 5-53 piso 1;P. Judicial I Penal 261;;2;ARRIENDO;;;;;;;;;;;;;;;;;;;;;;;;;;;;;;;;;;;;;;;;;;;;;;;;;;;;;;;;;;;;;;;;;;;;;;;;;;;;;;;;;;;;;;;;;;;;;;;;;;;;;;;;;;;;;;;;;;;;;;;;;;;;;;;;;;;;;;;;;;;;;;;;;;;;;;;;;;;;;;;;;;;;;;;;;;;;;;;;;;;;;;;;
CUNDINAMARCA;Villeta;1;Villeta. Calle 4 No.5-51 ;P. Judicial I Penal 262;25;1;TENENCIA;NO;NO;;;;;;;;;;;;;;;;;;;;;;;;;;;;;;;;;;;;;;;;;;;;;;;;;;;;;;;;;;;;;;;;;;;;;;;;;;;;;;;;;;;;;;;;;;;;;;;;;;;;;;;;;;;;;;;;;;;;;;;;;;;;;;;;;;;;;;;;;;;;;;;;;;;;;;;;;;;;;;;;;;;;;;;;;;;;;;;;;;;;;;
CUNDINAMARCA;Zipaquirá;1;Zipaquira , Carrera. 16 # 4 a 53 pisos 2, 3 y 6;P. Provincial y Judicial I Adtvo 200 y PJ I Penal 249;;12;ARRIENDO;;;;;;;;;;;;;;;;;;;;;;;;;;;;;;;;;;;;;;;;;;;;;;;;;;;;;;;;;;;;;;;;;;;;;;;;;;;;;;;;;;;;;;;;;;;;;;;;;;;;;;;;;;;;;;;;;;;;;;;;;;;;;;;;;;;;;;;;;;;;;;;;;;;;;;;;;;;;;;;;;;;;;;;;;;;;;;;;;;;;;;;;
CUNDINAMARCA;Gacheta;1;Gacheta. Calle 5 No.3-24 Oficina 301;Procuraduria 252 Judicial I Penal;21;2;COMODATO;NO;NO;;;;;;;;;;;;;;;;;;;;;;;;;;;;;;;;;;;;;;;;;;;;;;;;;;;;;;;;;;;;;;;;;;;;;;;;;;;;;;;;;;;;;;;;;;;;;;;;;;;;;;;;;;;;;;;;;;;;;;;;;;;;;;;;;;;;;;;;;;;;;;;;;;;;;;;;;;;;;;;;;;;;;;;;;;;;;;;;;;;;;;
GUAINIA;Puerto  Inírida;1;Puerto  Inírida. Carrera 9 No. 14 - 70;P. Regional;148;7;PROPIO;SI;NO;;;;;;;;;;;;;;;;;;;;;;;;;;;;;;;;;;;;;;;;;;;;;;;;;;;;;;;;;;;;;;;;;;;;;;;;;;;;;;;;;;;;;;;;;;;;;;;;;;;;;;;;;;;;;;;;;;;;;;;;;;;;;;;;;;;;;;;;;;;;;;;;;;;;;;;;;;;;;;;;;;;;;;;;;;;;;;;;;;;;;;
GUAJIRA;Riohacha;1;Riohacha. Calle 15 # 6 -13 ;"P. Regional; PJ II Agraria 12; PJ II Penal 159 y 160; PJ I Adtva 91 y 202, PJ II Adtva 42 y 154, PJ II Familia 24"; ;16;ARRIENDO; ; ;Contrato 194-2020;;;;;;;;;;;;;;;;;;;;;;;;;;;;;;;;;;;;;;;;;;;;;;;;;;;;;;;;;;;;;;;;;;;;;;;;;;;;;;;;;;;;;;;;;;;;;;;;;;;;;;;;;;;;;;;;;;;;;;;;;;;;;;;;;;;;;;;;;;;;;;;;;;;;;;;;;;;;;;;;;;;;;;;;;;;;;;;;;;;;;
GUAJIRA;Riohacha;1;Riohacha. Carrera 15 No. 14 C - 100; ;471;0;PROPIO;SI;NO;Inmueble desocupado,  con  recomendación  de  evacuacion  por riesgo  de  colapso ;;;;;;;;;;;;;;;;;;;;;;;;;;;;;;;;;;;;;;;;;;;;;;;;;;;;;;;;;;;;;;;;;;;;;;;;;;;;;;;;;;;;;;;;;;;;;;;;;;;;;;;;;;;;;;;;;;;;;;;;;;;;;;;;;;;;;;;;;;;;;;;;;;;;;;;;;;;;;;;;;;;;;;;;;;;;;;;;;;;;;
GUAVIARE;San José del Guaviare;1;San José del Guaviare Calle 9 No. 23 - 74;P. Regional, Judicial II Penal 148;252;8;PROPIO;SI;NO;;;;;;;;;;;;;;;;;;;;;;;;;;;;;;;;;;;;;;;;;;;;;;;;;;;;;;;;;;;;;;;;;;;;;;;;;;;;;;;;;;;;;;;;;;;;;;;;;;;;;;;;;;;;;;;;;;;;;;;;;;;;;;;;;;;;;;;;;;;;;;;;;;;;;;;;;;;;;;;;;;;;;;;;;;;;;;;;;;;;;;
HUILA;Neiva;1;Neiva, Edificio Banco Popular. Calle 7 No. 3 - 67 Pisos 2;P. Regional;484;15;PROPIO;SI;SI;;;;;;;;;;;;;;;;;;;;;;;;;;;;;;;;;;;;;;;;;;;;;;;;;;;;;;;;;;;;;;;;;;;;;;;;;;;;;;;;;;;;;;;;;;;;;;;;;;;;;;;;;;;;;;;;;;;;;;;;;;;;;;;;;;;;;;;;;;;;;;;;;;;;;;;;;;;;;;;;;;;;;;;;;;;;;;;;;;;;;;
HUILA;Neiva;;Neiva, Edificio Banco Popular. Calle 7 No. 3 - 67 Pisos 4 ;"P. Provincial; PJ II Familia 19; Coordinacion Adtva; PJ II Penal 141; Archivo"; ;18;;SI;SI;;;;;;;;;;;;;;;;;;;;;;;;;;;;;;;;;;;;;;;;;;;;;;;;;;;;;;;;;;;;;;;;;;;;;;;;;;;;;;;;;;;;;;;;;;;;;;;;;;;;;;;;;;;;;;;;;;;;;;;;;;;;;;;;;;;;;;;;;;;;;;;;;;;;;;;;;;;;;;;;;;;;;;;;;;;;;;;;;;;;;;
HUILA;Neiva;;Neiva, Edificio Banco Popular. Calle 7 No. 3 - 67 Pisos 5;"P. Provincial; PJ II Familia 19; Coordinacion Adtva; PJ II Penal 141; Archivo"; ;18;;SI;SI;;;;;;;;;;;;;;;;;;;;;;;;;;;;;;;;;;;;;;;;;;;;;;;;;;;;;;;;;;;;;;;;;;;;;;;;;;;;;;;;;;;;;;;;;;;;;;;;;;;;;;;;;;;;;;;;;;;;;;;;;;;;;;;;;;;;;;;;;;;;;;;;;;;;;;;;;;;;;;;;;;;;;;;;;;;;;;;;;;;;;;
HUILA;Neiva;1;Neiva. Carrera. 8 # 7 a 28/30;"PJ II Agraria 11; PJ II Adtva 34 y 153; PJ I Adtva 89 y 90"; ;10;ARRIENDO;SI;SI;;;;;;;;;;;;;;;;;;;;;;;;;;;;;;;;;;;;;;;;;;;;;;;;;;;;;;;;;;;;;;;;;;;;;;;;;;;;;;;;;;;;;;;;;;;;;;;;;;;;;;;;;;;;;;;;;;;;;;;;;;;;;;;;;;;;;;;;;;;;;;;;;;;;;;;;;;;;;;;;;;;;;;;;;;;;;;;;;;;;;;
HUILA;Neiva;1;Neiva Carrera. 4 # 6 – 99 Palacio de Justicia piso 5°;"PJ II Penal 137, 138 y 139; PJ I Penal 267 y 268";213;9;TENENCIA;SI;SI;;;;;;;;;;;;;;;;;;;;;;;;;;;;;;;;;;;;;;;;;;;;;;;;;;;;;;;;;;;;;;;;;;;;;;;;;;;;;;;;;;;;;;;;;;;;;;;;;;;;;;;;;;;;;;;;;;;;;;;;;;;;;;;;;;;;;;;;;;;;;;;;;;;;;;;;;;;;;;;;;;;;;;;;;;;;;;;;;;;;;;
HUILA;Neiva;1;Neiva Carrera 2 # 8 - 05 piso 3° Centro Comercial Popular los Comuneros, locales 3010, 3011, 3012, 3013 y 3014;Archivo Central Procuraduria Regional Huila y Provincial Neiva;90;1;COMODATO;NO;SI;Contrato de Comodato No.2428 de 2022 suscrito con el m/pio de Neiva;;;;;;;;;;;;;;;;;;;;;;;;;;;;;;;;;;;;;;;;;;;;;;;;;;;;;;;;;;;;;;;;;;;;;;;;;;;;;;;;;;;;;;;;;;;;;;;;;;;;;;;;;;;;;;;;;;;;;;;;;;;;;;;;;;;;;;;;;;;;;;;;;;;;;;;;;;;;;;;;;;;;;;;;;;;;;;;;;;;;;
HUILA;Garzon;1;Garzon, Palacio Nacional. Calle 8 No. 9 - 47 Oficinas 301 a 310;Provincial;264;8;COMODATO;SI;;;;;;;;;;;;;;;;;;;;;;;;;;;;;;;;;;;;;;;;;;;;;;;;;;;;;;;;;;;;;;;;;;;;;;;;;;;;;;;;;;;;;;;;;;;;;;;;;;;;;;;;;;;;;;;;;;;;;;;;;;;;;;;;;;;;;;;;;;;;;;;;;;;;;;;;;;;;;;;;;;;;;;;;;;;;;;;;;;;;;;;
HUILA;Pitalito;1;Pitalito Calle . 13 # 2-58 apto 103 torre 1;P. Judicial I Penal 271;;1;ARRIENDO;;;;;;;;;;;;;;;;;;;;;;;;;;;;;;;;;;;;;;;;;;;;;;;;;;;;;;;;;;;;;;;;;;;;;;;;;;;;;;;;;;;;;;;;;;;;;;;;;;;;;;;;;;;;;;;;;;;;;;;;;;;;;;;;;;;;;;;;;;;;;;;;;;;;;;;;;;;;;;;;;;;;;;;;;;;;;;;;;;;;;;;;
MAGDALENA;Santa Marta;1;Santa Marta, Edificio BCH. Calle 5 No. 3 - 07 Pisos 8;"P. Provincial; Coordinación Adtva; PJ II Apoyo Victimas 20; PJ I Tierras 35; PJ II Penal 162, 163 y 164; PJ I Penal 272; ";345;30;PROPIO;SI;SI;;;;;;;;;;;;;;;;;;;;;;;;;;;;;;;;;;;;;;;;;;;;;;;;;;;;;;;;;;;;;;;;;;;;;;;;;;;;;;;;;;;;;;;;;;;;;;;;;;;;;;;;;;;;;;;;;;;;;;;;;;;;;;;;;;;;;;;;;;;;;;;;;;;;;;;;;;;;;;;;;;;;;;;;;;;;;;;;;;;;;;
MAGDALENA;Santa Marta;;Santa Marta, Edificio BCH. Calle 5 No. 3 - 07 Pisos 9;"P. Regional; PJ II Laboral 27; PJ II Penal 360; ";345;21;;SI;SI;;;;;;;;;;;;;;;;;;;;;;;;;;;;;;;;;;;;;;;;;;;;;;;;;;;;;;;;;;;;;;;;;;;;;;;;;;;;;;;;;;;;;;;;;;;;;;;;;;;;;;;;;;;;;;;;;;;;;;;;;;;;;;;;;;;;;;;;;;;;;;;;;;;;;;;;;;;;;;;;;;;;;;;;;;;;;;;;;;;;;;
MAGDALENA;Santa Marta;;Santa Marta, Edificio BCH. Calle 5 No. 3 - 07 Pisos 10;"PJ I Penal 203 y 204; PJ I Adtvo 92, 93 y 179; PJ II Familia 25; PJ II Responsabilidad Penal 148; PJ II Adtvo 43, 52 y 155; PJ II Agrario 13";345;20;;SI;SI;;;;;;;;;;;;;;;;;;;;;;;;;;;;;;;;;;;;;;;;;;;;;;;;;;;;;;;;;;;;;;;;;;;;;;;;;;;;;;;;;;;;;;;;;;;;;;;;;;;;;;;;;;;;;;;;;;;;;;;;;;;;;;;;;;;;;;;;;;;;;;;;;;;;;;;;;;;;;;;;;;;;;;;;;;;;;;;;;;;;;;
MAGDALENA;Fundación;1;Fundación Carrera. 7 # 5-56;PJ I Penal 273;;2;ARRIENDO;;;;;;;;;;;;;;;;;;;;;;;;;;;;;;;;;;;;;;;;;;;;;;;;;;;;;;;;;;;;;;;;;;;;;;;;;;;;;;;;;;;;;;;;;;;;;;;;;;;;;;;;;;;;;;;;;;;;;;;;;;;;;;;;;;;;;;;;;;;;;;;;;;;;;;;;;;;;;;;;;;;;;;;;;;;;;;;;;;;;;;;;
MAGDALENA;El Banco;1;El Banco, Calle 4 A No. 3 - 48;P. Provincial;232;8;PROPIO;SI;NO;;;;;;;;;;;;;;;;;;;;;;;;;;;;;;;;;;;;;;;;;;;;;;;;;;;;;;;;;;;;;;;;;;;;;;;;;;;;;;;;;;;;;;;;;;;;;;;;;;;;;;;;;;;;;;;;;;;;;;;;;;;;;;;;;;;;;;;;;;;;;;;;;;;;;;;;;;;;;;;;;;;;;;;;;;;;;;;;;;;;;;
META;Villavicencio;1;Villavicencio, Edificio Centro Bancario. Calle 38 No. 31 - 74 Piso 6;"P. Regional; P. Provincial; PJ II Restitución Tierras 25; Sala de Conciliación Civil y Comercial";441;28;PROPIO;SI;SI;;;;;;;;;;;;;;;;;;;;;;;;;;;;;;;;;;;;;;;;;;;;;;;;;;;;;;;;;;;;;;;;;;;;;;;;;;;;;;;;;;;;;;;;;;;;;;;;;;;;;;;;;;;;;;;;;;;;;;;;;;;;;;;;;;;;;;;;;;;;;;;;;;;;;;;;;;;;;;;;;;;;;;;;;;;;;;;;;;;;;;
META;Villavicencio;1;Villavicencio,  Edificio Davivienda. Calle 38 No. 30 A - 64 Piso 12;"PJ II Agrario 6; PJ II Familia 30; Coordinación Administrativa ";173;16;PROPIO;SI;SI;;;;;;;;;;;;;;;;;;;;;;;;;;;;;;;;;;;;;;;;;;;;;;;;;;;;;;;;;;;;;;;;;;;;;;;;;;;;;;;;;;;;;;;;;;;;;;;;;;;;;;;;;;;;;;;;;;;;;;;;;;;;;;;;;;;;;;;;;;;;;;;;;;;;;;;;;;;;;;;;;;;;;;;;;;;;;;;;;;;;;;
META;Villavicencio;;Villavicencio,  Edificio Davivienda. Calle 38 No. 30 A - 64 Oficina 201;"PJ II Penal 27, 87, 178, 179, 180; PJ I Penal 275, 276 y 277 "; ;6;ARRIENDO;SI;SI;;;;;;;;;;;;;;;;;;;;;;;;;;;;;;;;;;;;;;;;;;;;;;;;;;;;;;;;;;;;;;;;;;;;;;;;;;;;;;;;;;;;;;;;;;;;;;;;;;;;;;;;;;;;;;;;;;;;;;;;;;;;;;;;;;;;;;;;;;;;;;;;;;;;;;;;;;;;;;;;;;;;;;;;;;;;;;;;;;;;;;
META;Villavicencio;1;Villavicencio, Edificio Banco Popular. Calle 38 No. 30 A - 25 Piso 2;"PJ II Adtvo 48 y 49; PJ I Adtvo 94, 205 y 206";131;8;PROPIO;SI;SI;;;;;;;;;;;;;;;;;;;;;;;;;;;;;;;;;;;;;;;;;;;;;;;;;;;;;;;;;;;;;;;;;;;;;;;;;;;;;;;;;;;;;;;;;;;;;;;;;;;;;;;;;;;;;;;;;;;;;;;;;;;;;;;;;;;;;;;;;;;;;;;;;;;;;;;;;;;;;;;;;;;;;;;;;;;;;;;;;;;;;;
META;Acacias;1;Opera provisionalmente en Villavicencio Ed Davivienda piso 12;PJ I Penal 341;;1;;;;Opera provisionalmente en Villavicencio Ed Davivienda piso 12. Actualmente no hay contrato de arriendo en Acacias.;;;;;;;;;;;;;;;;;;;;;;;;;;;;;;;;;;;;;;;;;;;;;;;;;;;;;;;;;;;;;;;;;;;;;;;;;;;;;;;;;;;;;;;;;;;;;;;;;;;;;;;;;;;;;;;;;;;;;;;;;;;;;;;;;;;;;;;;;;;;;;;;;;;;;;;;;;;;;;;;;;;;;;;;;;;;;;;;;;;;;
META;Granada;1;Cra. 13 # 25-62 local 119 Centro Comercial Milenium;P. Judicial I Penal 278;;1;ARRIENDO;;;;;;;;;;;;;;;;;;;;;;;;;;;;;;;;;;;;;;;;;;;;;;;;;;;;;;;;;;;;;;;;;;;;;;;;;;;;;;;;;;;;;;;;;;;;;;;;;;;;;;;;;;;;;;;;;;;;;;;;;;;;;;;;;;;;;;;;;;;;;;;;;;;;;;;;;;;;;;;;;;;;;;;;;;;;;;;;;;;;;;;;
NARIÑO;Ipiales ;1;Edif. Marcos Cra. 6 # 13-09 oficina 405-406;"P. Provincial; PJ I Penal 281"; ;12;ARRIENDO; ; ;;;;;;;;;;;;;;;;;;;;;;;;;;;;;;;;;;;;;;;;;;;;;;;;;;;;;;;;;;;;;;;;;;;;;;;;;;;;;;;;;;;;;;;;;;;;;;;;;;;;;;;;;;;;;;;;;;;;;;;;;;;;;;;;;;;;;;;;;;;;;;;;;;;;;;;;;;;;;;;;;;;;;;;;;;;;;;;;;;;;;;
NARIÑO;Pasto;1;Pasto, Edificio Cristo Rey. Carrera 24 No. 20-58 Oficina 601;P. Regional y P. Provincial;448;39;PROPIO;SI;SI;;;;;;;;;;;;;;;;;;;;;;;;;;;;;;;;;;;;;;;;;;;;;;;;;;;;;;;;;;;;;;;;;;;;;;;;;;;;;;;;;;;;;;;;;;;;;;;;;;;;;;;;;;;;;;;;;;;;;;;;;;;;;;;;;;;;;;;;;;;;;;;;;;;;;;;;;;;;;;;;;;;;;;;;;;;;;;;;;;;;;;
NARIÑO;Pasto;1;Pasto Carrera. 25 # 17-49 Edif. Lotería Nariño OF 501 A 511 Y 602 A 611;"PJ II Penal 142, 143, 144, 145, 146; PJ I Penal 279; PJ II Familia 20; PJ II Adtva 35, 36 y 156; PJ I Adtvo 95, 96 y 207; PJ II Restitución Tierras 24; PJ I Restitución Tierras 48; PJ II Agrario 15; PJ II Trabajo y Seg Social 30; PJ I Trabajo y Seg Social 12"; ;40;ARRIENDO; ; ;;;;;;;;;;;;;;;;;;;;;;;;;;;;;;;;;;;;;;;;;;;;;;;;;;;;;;;;;;;;;;;;;;;;;;;;;;;;;;;;;;;;;;;;;;;;;;;;;;;;;;;;;;;;;;;;;;;;;;;;;;;;;;;;;;;;;;;;;;;;;;;;;;;;;;;;;;;;;;;;;;;;;;;;;;;;;;;;;;;;;;
NARIÑO;Pasto;1;Pasto, Edificio Alfa. Calle 18 A No. 25 - 37 Pisos 4, 5 y 6;Bodega de archivo e inservibles;429;0;PROPIO;SI;SI;;;;;;;;;;;;;;;;;;;;;;;;;;;;;;;;;;;;;;;;;;;;;;;;;;;;;;;;;;;;;;;;;;;;;;;;;;;;;;;;;;;;;;;;;;;;;;;;;;;;;;;;;;;;;;;;;;;;;;;;;;;;;;;;;;;;;;;;;;;;;;;;;;;;;;;;;;;;;;;;;;;;;;;;;;;;;;;;;;;;;;
NARIÑO;Túquerres;1;Tuqueres Calle. 14 # 15-15 Barrio San Francisco;P. Judicial I Penal 280;;2;ARRIENDO;;;;;;;;;;;;;;;;;;;;;;;;;;;;;;;;;;;;;;;;;;;;;;;;;;;;;;;;;;;;;;;;;;;;;;;;;;;;;;;;;;;;;;;;;;;;;;;;;;;;;;;;;;;;;;;;;;;;;;;;;;;;;;;;;;;;;;;;;;;;;;;;;;;;;;;;;;;;;;;;;;;;;;;;;;;;;;;;;;;;;;;;
NARIÑO;Tumaco;1;Tumaco  Av. de los Estudiantes # 4 - 240 Sector la Y;"P. Provincial; PJ I Penal 292 y 401";;11;ARRIENDO;;;;;;;;;;;;;;;;;;;;;;;;;;;;;;;;;;;;;;;;;;;;;;;;;;;;;;;;;;;;;;;;;;;;;;;;;;;;;;;;;;;;;;;;;;;;;;;;;;;;;;;;;;;;;;;;;;;;;;;;;;;;;;;;;;;;;;;;;;;;;;;;;;;;;;;;;;;;;;;;;;;;;;;;;;;;;;;;;;;;;;;;
NORTE SANT.;Cúcuta;1;Cúcuta, Edificio Centro Comercial Plaza. Avenida 4 No. 10 - 42 Pisos 6, ;"PJ II Agraria 16; PJ II Penal 86, 88, 89, 90, 92, 93 y 94; PJ I Penal 283 y 286";798;19;PROPIO;SI;SI;;;;;;;;;;;;;;;;;;;;;;;;;;;;;;;;;;;;;;;;;;;;;;;;;;;;;;;;;;;;;;;;;;;;;;;;;;;;;;;;;;;;;;;;;;;;;;;;;;;;;;;;;;;;;;;;;;;;;;;;;;;;;;;;;;;;;;;;;;;;;;;;;;;;;;;;;;;;;;;;;;;;;;;;;;;;;;;;;;;;;;
NORTE SANT.;Cúcuta;;Cúcuta, Edificio Centro Comercial Plaza. Avenida 4 No. 10 - 42 Pisos 7;P. Provincial;;18;;SI;SI;;;;;;;;;;;;;;;;;;;;;;;;;;;;;;;;;;;;;;;;;;;;;;;;;;;;;;;;;;;;;;;;;;;;;;;;;;;;;;;;;;;;;;;;;;;;;;;;;;;;;;;;;;;;;;;;;;;;;;;;;;;;;;;;;;;;;;;;;;;;;;;;;;;;;;;;;;;;;;;;;;;;;;;;;;;;;;;;;;;;;;
NORTE SANT.;Cúcuta;;Cúcuta, Edificio Centro Comercial Plaza. Avenida 4 No. 10 - 42 Pisos 8;P. Regional;;20;;SI;SI;;;;;;;;;;;;;;;;;;;;;;;;;;;;;;;;;;;;;;;;;;;;;;;;;;;;;;;;;;;;;;;;;;;;;;;;;;;;;;;;;;;;;;;;;;;;;;;;;;;;;;;;;;;;;;;;;;;;;;;;;;;;;;;;;;;;;;;;;;;;;;;;;;;;;;;;;;;;;;;;;;;;;;;;;;;;;;;;;;;;;;
NORTE SANT.;Cúcuta;1;Cúcuta, Edificio Banco Bogota. Av. 6 No.10-82 Piso 4;"PJ I Adtvo 97, 98 y 208; PJ II Adtvo 23 y 24; PJ II Familia 11; PJ I Restitución Tierras 42; PJ II Restitución Tierras 19; PJ I Trabajo y Seg. Social 10";120;14;COMODATO;SI;SI;;;;;;;;;;;;;;;;;;;;;;;;;;;;;;;;;;;;;;;;;;;;;;;;;;;;;;;;;;;;;;;;;;;;;;;;;;;;;;;;;;;;;;;;;;;;;;;;;;;;;;;;;;;;;;;;;;;;;;;;;;;;;;;;;;;;;;;;;;;;;;;;;;;;;;;;;;;;;;;;;;;;;;;;;;;;;;;;;;;;;;
NORTE SANT.;Cúcuta;;Cúcuta, Edificio Banco Bogota. Av. 6 No.10-82 Piso  7;"PJ I Adtvo 97, 98 y 208; PJ II Adtvo 23 y 24; PJ II Familia 11; PJ I Restitución Tierras 42; PJ II Restitución Tierras 19; PJ I Trabajo y Seg. Social 10";120;14;;SI;SI;;;;;;;;;;;;;;;;;;;;;;;;;;;;;;;;;;;;;;;;;;;;;;;;;;;;;;;;;;;;;;;;;;;;;;;;;;;;;;;;;;;;;;;;;;;;;;;;;;;;;;;;;;;;;;;;;;;;;;;;;;;;;;;;;;;;;;;;;;;;;;;;;;;;;;;;;;;;;;;;;;;;;;;;;;;;;;;;;;;;;;
NORTE SANT.;Cúcuta;1;Cúcuta,  Edificio Nacional de Cúcuta (Edificio Santander). Calle 8 A No.3-47 y 3-30;Procuraduria 12 Judicial II de Familia y 208 Judicial I Adtvo.;70;0;PROPIO;SI;SI;;;;;;;;;;;;;;;;;;;;;;;;;;;;;;;;;;;;;;;;;;;;;;;;;;;;;;;;;;;;;;;;;;;;;;;;;;;;;;;;;;;;;;;;;;;;;;;;;;;;;;;;;;;;;;;;;;;;;;;;;;;;;;;;;;;;;;;;;;;;;;;;;;;;;;;;;;;;;;;;;;;;;;;;;;;;;;;;;;;;;;
NORTE SANT.;Pamplona;1;Pamplona Carrera. 6 # 6 – 63 Local 5;P. Judicial II Penal 95; ;2;ARRIENDO; ; ;;;;;;;;;;;;;;;;;;;;;;;;;;;;;;;;;;;;;;;;;;;;;;;;;;;;;;;;;;;;;;;;;;;;;;;;;;;;;;;;;;;;;;;;;;;;;;;;;;;;;;;;;;;;;;;;;;;;;;;;;;;;;;;;;;;;;;;;;;;;;;;;;;;;;;;;;;;;;;;;;;;;;;;;;;;;;;;;;;;;;;
PUTUMAYO;Mocoa;1;Mocoa. Calle 8 No.5-10 pisos 1 ;P. Regional, P Judicial II Penal 99, PJ I Penal 287, PJ I Administrativa 221, PJ II Restitución Tierras 11;420;15;PROPIO;SI;NO;;;;;;;;;;;;;;;;;;;;;;;;;;;;;;;;;;;;;;;;;;;;;;;;;;;;;;;;;;;;;;;;;;;;;;;;;;;;;;;;;;;;;;;;;;;;;;;;;;;;;;;;;;;;;;;;;;;;;;;;;;;;;;;;;;;;;;;;;;;;;;;;;;;;;;;;;;;;;;;;;;;;;;;;;;;;;;;;;;;;;;
PUTUMAYO;Mocoa;;Mocoa. Calle 8 No.5-10 pisos 2;P. Regional, P Judicial II Penal 99, PJ I Penal 287, PJ I Administrativa 221, PJ II Restitución Tierras 11;420;;;SI;NO;;;;;;;;;;;;;;;;;;;;;;;;;;;;;;;;;;;;;;;;;;;;;;;;;;;;;;;;;;;;;;;;;;;;;;;;;;;;;;;;;;;;;;;;;;;;;;;;;;;;;;;;;;;;;;;;;;;;;;;;;;;;;;;;;;;;;;;;;;;;;;;;;;;;;;;;;;;;;;;;;;;;;;;;;;;;;;;;;;;;;;
PUTUMAYO;Mocoa;;Mocoa. Calle 8 No.5-10 pisos  3 ;P. Regional, P Judicial II Penal 99, PJ I Penal 287, PJ I Administrativa 221, PJ II Restitución Tierras 11;420;;;SI;NO;;;;;;;;;;;;;;;;;;;;;;;;;;;;;;;;;;;;;;;;;;;;;;;;;;;;;;;;;;;;;;;;;;;;;;;;;;;;;;;;;;;;;;;;;;;;;;;;;;;;;;;;;;;;;;;;;;;;;;;;;;;;;;;;;;;;;;;;;;;;;;;;;;;;;;;;;;;;;;;;;;;;;;;;;;;;;;;;;;;;;;
PUTUMAYO;Mocoa;;Mocoa. Calle 8 No.5-10 pisos  4;P. Regional, P Judicial II Penal 99, PJ I Penal 287, PJ I Administrativa 221, PJ II Restitución Tierras 11;420;;;SI;NO;;;;;;;;;;;;;;;;;;;;;;;;;;;;;;;;;;;;;;;;;;;;;;;;;;;;;;;;;;;;;;;;;;;;;;;;;;;;;;;;;;;;;;;;;;;;;;;;;;;;;;;;;;;;;;;;;;;;;;;;;;;;;;;;;;;;;;;;;;;;;;;;;;;;;;;;;;;;;;;;;;;;;;;;;;;;;;;;;;;;;;
QUINDIO;Armenia;1;Armenia, Edificio Banco Cafetero. Carrera 17 No. 20 - 27 Pisos 10;Procuraduría Provincial;310;12;PROPIO;SI;SI;;;;;;;;;;;;;;;;;;;;;;;;;;;;;;;;;;;;;;;;;;;;;;;;;;;;;;;;;;;;;;;;;;;;;;;;;;;;;;;;;;;;;;;;;;;;;;;;;;;;;;;;;;;;;;;;;;;;;;;;;;;;;;;;;;;;;;;;;;;;;;;;;;;;;;;;;;;;;;;;;;;;;;;;;;;;;;;;;;;;;;
QUINDIO;Armenia;;Armenia, Edificio Banco Cafetero. Carrera 17 No. 20 - 27 Pisos 11;Procuraduría Regional y Coordinación Adtva;310; ;;SI;SI;;;;;;;;;;;;;;;;;;;;;;;;;;;;;;;;;;;;;;;;;;;;;;;;;;;;;;;;;;;;;;;;;;;;;;;;;;;;;;;;;;;;;;;;;;;;;;;;;;;;;;;;;;;;;;;;;;;;;;;;;;;;;;;;;;;;;;;;;;;;;;;;;;;;;;;;;;;;;;;;;;;;;;;;;;;;;;;;;;;;;;
QUINDIO;Armenia;1;Armenia, Edificio Loteria del Quindio. Carrera 16 No. 19 - 21 Piso 3;"PJ II Penal 38, 40, 41 y 80; PJ I Penal 288 y 289; PJ II Familia 4 y 39; PJ II Agrario 34; PJ II Adtvo 13; PJ I Adtvo 99 y 193";290;19;ARRIENDO;SI;SI;;;;;;;;;;;;;;;;;;;;;;;;;;;;;;;;;;;;;;;;;;;;;;;;;;;;;;;;;;;;;;;;;;;;;;;;;;;;;;;;;;;;;;;;;;;;;;;;;;;;;;;;;;;;;;;;;;;;;;;;;;;;;;;;;;;;;;;;;;;;;;;;;;;;;;;;;;;;;;;;;;;;;;;;;;;;;;;;;;;;;;
RISARALDA;Pereira;1;Pereira, Edificio Banco Ganadero. Calle 20 No. 6 - 30 Piso 5;P. Regional;255;14;PROPIO;SI;SI;;;;;;;;;;;;;;;;;;;;;;;;;;;;;;;;;;;;;;;;;;;;;;;;;;;;;;;;;;;;;;;;;;;;;;;;;;;;;;;;;;;;;;;;;;;;;;;;;;;;;;;;;;;;;;;;;;;;;;;;;;;;;;;;;;;;;;;;;;;;;;;;;;;;;;;;;;;;;;;;;;;;;;;;;;;;;;;;;;;;;;
RISARALDA;Pereira;1;Pereira  Carrera. 8 CLL. 42B/50 Edificio 8/43 Centro de Negocios Piso 4°;"P. Provincial, P Judicial Adtvo 210 y 211, PJ Adtvo 37, 38 y 157 ; PJ II Laboral 34; PJ II Agrario 28; PJ II Restitución Tierras 2; PJ II Penal 149, 150, 151 y 152; PJ I Penal 231 y 290; PJ II Familia 21; Asesor JEP";;38;ARRIENDO;;;;;;;;;;;;;;;;;;;;;;;;;;;;;;;;;;;;;;;;;;;;;;;;;;;;;;;;;;;;;;;;;;;;;;;;;;;;;;;;;;;;;;;;;;;;;;;;;;;;;;;;;;;;;;;;;;;;;;;;;;;;;;;;;;;;;;;;;;;;;;;;;;;;;;;;;;;;;;;;;;;;;;;;;;;;;;;;;;;;;;;;
San Andrés;San Andrés;1;Cra. 5A # 10-14 Sector JOE WOOD POINT;P. Regional, Judicial Penal, PJ II Ambiental 17, PJ Familia 54, PJ Penal 85 y 292;;15;ARRIENDO;;;;;;;;;;;;;;;;;;;;;;;;;;;;;;;;;;;;;;;;;;;;;;;;;;;;;;;;;;;;;;;;;;;;;;;;;;;;;;;;;;;;;;;;;;;;;;;;;;;;;;;;;;;;;;;;;;;;;;;;;;;;;;;;;;;;;;;;;;;;;;;;;;;;;;;;;;;;;;;;;;;;;;;;;;;;;;;;;;;;;;;;
SANTANDER;Barranca;1;Barranca, Edificio BBVA (Granahorrar). Calle 49 A No. 8 A - 36 Piso 4 oficina 401;P. Provincial, PJ I Penal 213 y 248, PJ I  Adtivo 214, PJ I Restitución Tierras 43;255;18;PROPIO;SI;SI;;;;;;;;;;;;;;;;;;;;;;;;;;;;;;;;;;;;;;;;;;;;;;;;;;;;;;;;;;;;;;;;;;;;;;;;;;;;;;;;;;;;;;;;;;;;;;;;;;;;;;;;;;;;;;;;;;;;;;;;;;;;;;;;;;;;;;;;;;;;;;;;;;;;;;;;;;;;;;;;;;;;;;;;;;;;;;;;;;;;;;
SANTANDER;Bucaramanga;1;Bucaramanga, La  Casona colonial. Calle 37 No 12-02/04/08 y Carrera 12 No 37-09. ;P. Regional Y Provincial;854;51;PROPIO;SI;NO;;;;;;;;;;;;;;;;;;;;;;;;;;;;;;;;;;;;;;;;;;;;;;;;;;;;;;;;;;;;;;;;;;;;;;;;;;;;;;;;;;;;;;;;;;;;;;;;;;;;;;;;;;;;;;;;;;;;;;;;;;;;;;;;;;;;;;;;;;;;;;;;;;;;;;;;;;;;;;;;;;;;;;;;;;;;;;;;;;;;;;
SANTANDER;Bucaramanga;1;Bucaramanga, Casa Luis Perú De Lacroix. Calle 37 No. 11-18;PJ II Conciliación Adtva 16, 17, 158, 159, 160, PJ I Conciliación Adtva 100, 101, 102, 212 PJ II Familia 6, PJ II Infancia y Adolescencia 161, PJ I Infancia y Adolescencia 213, PJ II Agrario 24, PJ II Restitución Tierras 12, PJ I Restitución Tierras 44, PJ II Trabajo y Seg. Social 31, PJ I Trabajo y Seg. Social 13, PJ II Apoyo Victimas 5, PJ I Asuntos Civiles 11, PJ I Penal 285 y 295, Coordinación Adtva Santander, Centro de Conciliación Civil y 3 funcionarios de Reg. Y Prov.;1,885;45;PROPIO;SI;NO;;;;;;;;;;;;;;;;;;;;;;;;;;;;;;;;;;;;;;;;;;;;;;;;;;;;;;;;;;;;;;;;;;;;;;;;;;;;;;;;;;;;;;;;;;;;;;;;;;;;;;;;;;;;;;;;;;;;;;;;;;;;;;;;;;;;;;;;;;;;;;;;;;;;;;;;;;;;;;;;;;;;;;;;;;;;;;;;;;;;;;
SANTANDER;Bucaramanga;1;Bucaramanga, Edificio Banco Popular. Calle 35 No.19-77 Pisos 5 y 6;PJ II Penales 51, 52, 53, 54, 58, 59, 91, 170, 318 y 362, PJ I Penal 293 y 294;286;24;PROPIO;SI;SI;;;;;;;;;;;;;;;;;;;;;;;;;;;;;;;;;;;;;;;;;;;;;;;;;;;;;;;;;;;;;;;;;;;;;;;;;;;;;;;;;;;;;;;;;;;;;;;;;;;;;;;;;;;;;;;;;;;;;;;;;;;;;;;;;;;;;;;;;;;;;;;;;;;;;;;;;;;;;;;;;;;;;;;;;;;;;;;;;;;;;;
SANTANDER;Bucaramanga;1;Bucaramanga, Edificio la Triada. Calle 35 No. 19 - 41 Locales 105 y 106;Derechos Humanos y funcionarios JEP;81;6;PROPIO;SI;SI;;;;;;;;;;;;;;;;;;;;;;;;;;;;;;;;;;;;;;;;;;;;;;;;;;;;;;;;;;;;;;;;;;;;;;;;;;;;;;;;;;;;;;;;;;;;;;;;;;;;;;;;;;;;;;;;;;;;;;;;;;;;;;;;;;;;;;;;;;;;;;;;;;;;;;;;;;;;;;;;;;;;;;;;;;;;;;;;;;;;;;
SANTANDER;Bucaramanga;1;Bucaramanga, Edificio Davivienda. Calle 35 No.17-54 Piso 14.;Oficinas ;235;0;PROPIO;SI;SI;Entregado en calidad de comodato a la Registraduria Nacional de B/manga;;;;;;;;;;;;;;;;;;;;;;;;;;;;;;;;;;;;;;;;;;;;;;;;;;;;;;;;;;;;;;;;;;;;;;;;;;;;;;;;;;;;;;;;;;;;;;;;;;;;;;;;;;;;;;;;;;;;;;;;;;;;;;;;;;;;;;;;;;;;;;;;;;;;;;;;;;;;;;;;;;;;;;;;;;;;;;;;;;;;;
SANTANDER;San Gil;1;San Gil, Edificio Centro Solidario Ramon Gonzalez Parra (Coopcentral). Carrera 9 No. 13 - 41 Oficina 404 ;P. Provincial, PJ II Penal 56 y 57, PJ I Penal 296 y PJ I Adtvo 215.;510;24;PROPIO;SI;SI;;;;;;;;;;;;;;;;;;;;;;;;;;;;;;;;;;;;;;;;;;;;;;;;;;;;;;;;;;;;;;;;;;;;;;;;;;;;;;;;;;;;;;;;;;;;;;;;;;;;;;;;;;;;;;;;;;;;;;;;;;;;;;;;;;;;;;;;;;;;;;;;;;;;;;;;;;;;;;;;;;;;;;;;;;;;;;;;;;;;;;
SANTANDER;San Gil;1;San Gil, Edificio Venecia. Carrera 9 No.10-65 Oficina 207 a 210;Bodega y archivo;115;1;PROPIO;SI;SI;;;;;;;;;;;;;;;;;;;;;;;;;;;;;;;;;;;;;;;;;;;;;;;;;;;;;;;;;;;;;;;;;;;;;;;;;;;;;;;;;;;;;;;;;;;;;;;;;;;;;;;;;;;;;;;;;;;;;;;;;;;;;;;;;;;;;;;;;;;;;;;;;;;;;;;;;;;;;;;;;;;;;;;;;;;;;;;;;;;;;;
SANTANDER;Velez;1;Velez. Carrera 6 No.19-20 Oficinas 104, 114 a 118;P. Provincial, PJ I Penal 298;215;12;TENENCIA;SI;SI;Sede en tenencia;;;;;;;;;;;;;;;;;;;;;;;;;;;;;;;;;;;;;;;;;;;;;;;;;;;;;;;;;;;;;;;;;;;;;;;;;;;;;;;;;;;;;;;;;;;;;;;;;;;;;;;;;;;;;;;;;;;;;;;;;;;;;;;;;;;;;;;;;;;;;;;;;;;;;;;;;;;;;;;;;;;;;;;;;;;;;;;;;;;;;
SANTANDER;Malága;1;;P. Judicial I Penal 297;;2;;;;En la actualidad no  hay  contrato vigente;;;;;;;;;;;;;;;;;;;;;;;;;;;;;;;;;;;;;;;;;;;;;;;;;;;;;;;;;;;;;;;;;;;;;;;;;;;;;;;;;;;;;;;;;;;;;;;;;;;;;;;;;;;;;;;;;;;;;;;;;;;;;;;;;;;;;;;;;;;;;;;;;;;;;;;;;;;;;;;;;;;;;;;;;;;;;;;;;;;;;
SUCRE;Sincelejo;1;Sincelejo. Calle 22 No. 16 - 20 Piso 1, 2 y  sotano;"P. Regional y P. Provincial; Coordinación Adtva.";411;30;PROPIO;SI;NO;;;;;;;;;;;;;;;;;;;;;;;;;;;;;;;;;;;;;;;;;;;;;;;;;;;;;;;;;;;;;;;;;;;;;;;;;;;;;;;;;;;;;;;;;;;;;;;;;;;;;;;;;;;;;;;;;;;;;;;;;;;;;;;;;;;;;;;;;;;;;;;;;;;;;;;;;;;;;;;;;;;;;;;;;;;;;;;;;;;;;;
SUCRE;Sincelejo;1;Sincelejo. Calle 23 # 16-33 piso 1, 2 y 3 piso 1, 2 y 3;PJ II Agrario 19, PJ II Familia 27 y 162, PJ I Restitución Tierras 28 y 29, PJ II Adtvo 44 y 164, PJ I Adtvo 103 y 104, PJ II Penal 168 y 321, PJ I Penal 299, PJ Laboral 18;417;23;ARRIENDO;SI;NO;;;;;;;;;;;;;;;;;;;;;;;;;;;;;;;;;;;;;;;;;;;;;;;;;;;;;;;;;;;;;;;;;;;;;;;;;;;;;;;;;;;;;;;;;;;;;;;;;;;;;;;;;;;;;;;;;;;;;;;;;;;;;;;;;;;;;;;;;;;;;;;;;;;;;;;;;;;;;;;;;;;;;;;;;;;;;;;;;;;;;;
TOLIMA;Chaparral;1;Chaparral. Calle 10 No. 8 - 06;P. Provincial, Judicial I Penal 303;265;8;PROPIO;SI;NO;;;;;;;;;;;;;;;;;;;;;;;;;;;;;;;;;;;;;;;;;;;;;;;;;;;;;;;;;;;;;;;;;;;;;;;;;;;;;;;;;;;;;;;;;;;;;;;;;;;;;;;;;;;;;;;;;;;;;;;;;;;;;;;;;;;;;;;;;;;;;;;;;;;;;;;;;;;;;;;;;;;;;;;;;;;;;;;;;;;;;;
TOLIMA;Honda;1;Honda, Edificio Centro Comercial Restrepo. Carrera 12A No. 12 -42 Piso 5;P. Provincial, Judicial I Penal 305;195;9;PROPIO;SI;SI;;;;;;;;;;;;;;;;;;;;;;;;;;;;;;;;;;;;;;;;;;;;;;;;;;;;;;;;;;;;;;;;;;;;;;;;;;;;;;;;;;;;;;;;;;;;;;;;;;;;;;;;;;;;;;;;;;;;;;;;;;;;;;;;;;;;;;;;;;;;;;;;;;;;;;;;;;;;;;;;;;;;;;;;;;;;;;;;;;;;;;
TOLIMA;Ibague;1;Ibague, Edificio Floro Saavedra. Carrera 4 No. 11 - 40 Pisos 4;P. Regional, Coordinación ;158;12;PROPIO;SI;SI;;;;;;;;;;;;;;;;;;;;;;;;;;;;;;;;;;;;;;;;;;;;;;;;;;;;;;;;;;;;;;;;;;;;;;;;;;;;;;;;;;;;;;;;;;;;;;;;;;;;;;;;;;;;;;;;;;;;;;;;;;;;;;;;;;;;;;;;;;;;;;;;;;;;;;;;;;;;;;;;;;;;;;;;;;;;;;;;;;;;;;
TOLIMA;Ibague;;Ibague, Edificio Floro Saavedra. Carrera 4 No. 11 - 40 Pisos  5;adtva– Edificio Floro Saavedra;158;6;;SI;SI;;;;;;;;;;;;;;;;;;;;;;;;;;;;;;;;;;;;;;;;;;;;;;;;;;;;;;;;;;;;;;;;;;;;;;;;;;;;;;;;;;;;;;;;;;;;;;;;;;;;;;;;;;;;;;;;;;;;;;;;;;;;;;;;;;;;;;;;;;;;;;;;;;;;;;;;;;;;;;;;;;;;;;;;;;;;;;;;;;;;;;
TOLIMA;Ibague;;Ibague, Edificio Floro Saavedra. Carrera 4 No. 11 - 40 Pisos  6;;158;13;;SI;SI;;;;;;;;;;;;;;;;;;;;;;;;;;;;;;;;;;;;;;;;;;;;;;;;;;;;;;;;;;;;;;;;;;;;;;;;;;;;;;;;;;;;;;;;;;;;;;;;;;;;;;;;;;;;;;;;;;;;;;;;;;;;;;;;;;;;;;;;;;;;;;;;;;;;;;;;;;;;;;;;;;;;;;;;;;;;;;;;;;;;;;
TOLIMA;Ibague;1;Ibague, Edificio Martin Pomala. Carrera 2 No. 11 - 87/89 Piso 2;P. Provincial – Edificio Martin Pomala;316;15;PROPIO;SI;SI;;;;;;;;;;;;;;;;;;;;;;;;;;;;;;;;;;;;;;;;;;;;;;;;;;;;;;;;;;;;;;;;;;;;;;;;;;;;;;;;;;;;;;;;;;;;;;;;;;;;;;;;;;;;;;;;;;;;;;;;;;;;;;;;;;;;;;;;;;;;;;;;;;;;;;;;;;;;;;;;;;;;;;;;;;;;;;;;;;;;;;
TOLIMA;Ibague;1;Ibague, Edificio Banco Agrario. Calle 15 No. 3 - 26 (Cra. 3 No.15-17) Pisos 8 ;"PJ I Adtva 102, 106, 216; PJ II Adtvo 26, 27, 105 y 163; PJ II Familia 14";208;16;PROPIO;SI;SI;;;;;;;;;;;;;;;;;;;;;;;;;;;;;;;;;;;;;;;;;;;;;;;;;;;;;;;;;;;;;;;;;;;;;;;;;;;;;;;;;;;;;;;;;;;;;;;;;;;;;;;;;;;;;;;;;;;;;;;;;;;;;;;;;;;;;;;;;;;;;;;;;;;;;;;;;;;;;;;;;;;;;;;;;;;;;;;;;;;;;;
TOLIMA;Ibague;;Ibague, Edificio Banco Agrario. Calle 15 No. 3 - 26 (Cra. 3 No.15-17) Pisos 9;"PJ I Adtva 102, 106, 216; PJ II Adtvo 26, 27, 105 y 163; PJ II Familia 14";208;22;;SI;SI;;;;;;;;;;;;;;;;;;;;;;;;;;;;;;;;;;;;;;;;;;;;;;;;;;;;;;;;;;;;;;;;;;;;;;;;;;;;;;;;;;;;;;;;;;;;;;;;;;;;;;;;;;;;;;;;;;;;;;;;;;;;;;;;;;;;;;;;;;;;;;;;;;;;;;;;;;;;;;;;;;;;;;;;;;;;;;;;;;;;;;
TOLIMA;El Espinal ;1;El Espinal, Carrera 15 entre calles 10 y 11 ,  centro  de  convivencia  Municipal del  Espinal ,  barrio  Villa Paz;P. Judicial I Penal 304;16;1;COMODATO;SI;SI;179-087-2017;;;;;;;;;;;;;;;;;;;;;;;;;;;;;;;;;;;;;;;;;;;;;;;;;;;;;;;;;;;;;;;;;;;;;;;;;;;;;;;;;;;;;;;;;;;;;;;;;;;;;;;;;;;;;;;;;;;;;;;;;;;;;;;;;;;;;;;;;;;;;;;;;;;;;;;;;;;;;;;;;;;;;;;;;;;;;;;;;;;;;
TOLIMA;Guamo;1;Guamo Calle  11 #  12-29 Centro ;P. Judicial I Penal 301;;1;ARRIENDO;;;;;;;;;;;;;;;;;;;;;;;;;;;;;;;;;;;;;;;;;;;;;;;;;;;;;;;;;;;;;;;;;;;;;;;;;;;;;;;;;;;;;;;;;;;;;;;;;;;;;;;;;;;;;;;;;;;;;;;;;;;;;;;;;;;;;;;;;;;;;;;;;;;;;;;;;;;;;;;;;;;;;;;;;;;;;;;;;;;;;;;;
TOLIMA;Líbano;1;Líbano Calle. 5 # 9 -10;P. Judicial I Penal 302;;2;ARRIENDO;;;;;;;;;;;;;;;;;;;;;;;;;;;;;;;;;;;;;;;;;;;;;;;;;;;;;;;;;;;;;;;;;;;;;;;;;;;;;;;;;;;;;;;;;;;;;;;;;;;;;;;;;;;;;;;;;;;;;;;;;;;;;;;;;;;;;;;;;;;;;;;;;;;;;;;;;;;;;;;;;;;;;;;;;;;;;;;;;;;;;;;;
TOLIMA;Melgar;1;Melgar Calle . 6 # 24 - 02;P. Judicial I Penal 256;;2;ARRIENDO;;;;;;;;;;;;;;;;;;;;;;;;;;;;;;;;;;;;;;;;;;;;;;;;;;;;;;;;;;;;;;;;;;;;;;;;;;;;;;;;;;;;;;;;;;;;;;;;;;;;;;;;;;;;;;;;;;;;;;;;;;;;;;;;;;;;;;;;;;;;;;;;;;;;;;;;;;;;;;;;;;;;;;;;;;;;;;;;;;;;;;;;
VALLE;Buenaventura;1;Buenaventura. Calle 6 N 5-11 Piso  2;P. Provincial, PJ I Penal 313 y 399, PJ I Adtiva 219;203;6;PROPIO;SI;SI;;;;;;;;;;;;;;;;;;;;;;;;;;;;;;;;;;;;;;;;;;;;;;;;;;;;;;;;;;;;;;;;;;;;;;;;;;;;;;;;;;;;;;;;;;;;;;;;;;;;;;;;;;;;;;;;;;;;;;;;;;;;;;;;;;;;;;;;;;;;;;;;;;;;;;;;;;;;;;;;;;;;;;;;;;;;;;;;;;;;;;
VALLE;;;Buenaventura. Calle 6 N 5-11  Planta baja ;P. Provincial, PJ I Penal 313 y 399, PJ I Adtiva 219;203;5;;SI;SI;;;;;;;;;;;;;;;;;;;;;;;;;;;;;;;;;;;;;;;;;;;;;;;;;;;;;;;;;;;;;;;;;;;;;;;;;;;;;;;;;;;;;;;;;;;;;;;;;;;;;;;;;;;;;;;;;;;;;;;;;;;;;;;;;;;;;;;;;;;;;;;;;;;;;;;;;;;;;;;;;;;;;;;;;;;;;;;;;;;;;;
VALLE;Buga;1;Buga. Carrera 16 No. 6 - 51;P. Provincial;327;10;PROPIO;SI;NO;;;;;;;;;;;;;;;;;;;;;;;;;;;;;;;;;;;;;;;;;;;;;;;;;;;;;;;;;;;;;;;;;;;;;;;;;;;;;;;;;;;;;;;;;;;;;;;;;;;;;;;;;;;;;;;;;;;;;;;;;;;;;;;;;;;;;;;;;;;;;;;;;;;;;;;;;;;;;;;;;;;;;;;;;;;;;;;;;;;;;;
VALLE;Buga;1;Buga. Calle 5 No. 10 - 57;P. Judicial II Penal 75, 76, 77, 79, PJ II Familia 9 y 78, PJ I Restitución Tierras 39;436;12;PROPIO;SI;NO;;;;;;;;;;;;;;;;;;;;;;;;;;;;;;;;;;;;;;;;;;;;;;;;;;;;;;;;;;;;;;;;;;;;;;;;;;;;;;;;;;;;;;;;;;;;;;;;;;;;;;;;;;;;;;;;;;;;;;;;;;;;;;;;;;;;;;;;;;;;;;;;;;;;;;;;;;;;;;;;;;;;;;;;;;;;;;;;;;;;;;
VALLE;Cali;1;Cali, Carrera 9 No. 8 - 54 Edificio 99 pisos 2  y  3;P. Regional Y Provincial, Investigaciones Especiales;370;49;PROPIO;SI;SI;;;;;;;;;;;;;;;;;;;;;;;;;;;;;;;;;;;;;;;;;;;;;;;;;;;;;;;;;;;;;;;;;;;;;;;;;;;;;;;;;;;;;;;;;;;;;;;;;;;;;;;;;;;;;;;;;;;;;;;;;;;;;;;;;;;;;;;;;;;;;;;;;;;;;;;;;;;;;;;;;;;;;;;;;;;;;;;;;;;;;;
VALLE;Cali;;Cali, Carrera 9 No. 8 - 54 Edificio 99 pisos 2  y  3;P. Regional Y Provincial, Investigaciones Especiales;370;;;SI;SI;;;;;;;;;;;;;;;;;;;;;;;;;;;;;;;;;;;;;;;;;;;;;;;;;;;;;;;;;;;;;;;;;;;;;;;;;;;;;;;;;;;;;;;;;;;;;;;;;;;;;;;;;;;;;;;;;;;;;;;;;;;;;;;;;;;;;;;;;;;;;;;;;;;;;;;;;;;;;;;;;;;;;;;;;;;;;;;;;;;;;;
VALLE;Cali;1;Cali, Calle 11 No.5-54 Edificio Banco Colombia pisos 3, 4 y oficina 7°;PJ II Apoyo Victimas 7, PJ I Apoyo Victimas 30, PJ II Restitución Tierras 14 y 15, PJ I Restitución Tierras 40 y 45, PJ II Asuntos del Trabajo y Seg. Social 28, PJ I Asuntos del Trabajo y Seg. 8 y 9, PJ II Agrario 21, PJ II Adtvo 18, 19, 20, 165 y 166, PJ I Adtvo 57, 58, 59, 60 y 217, PJ II Familia 8 y 65, PJ II Infancia y Adolescencia 218, PJ II Penal 60, 62, 63, 64, 66, 67, 69, 70, 71, 72, 73, 74 y 351, PJ I Penal 266, 306, 308 y 309;743;58;PROPIO;SI;SI;;;;;;;;;;;;;;;;;;;;;;;;;;;;;;;;;;;;;;;;;;;;;;;;;;;;;;;;;;;;;;;;;;;;;;;;;;;;;;;;;;;;;;;;;;;;;;;;;;;;;;;;;;;;;;;;;;;;;;;;;;;;;;;;;;;;;;;;;;;;;;;;;;;;;;;;;;;;;;;;;;;;;;;;;;;;;;;;;;;;;;
VALLE;Palmira;1;Palmira Calle. 31 # 30-05 Oficina 601 Edificio Versilia;P. Judicial I Penal 307 y 322;;2;ARRIENDO;;;;;;;;;;;;;;;;;;;;;;;;;;;;;;;;;;;;;;;;;;;;;;;;;;;;;;;;;;;;;;;;;;;;;;;;;;;;;;;;;;;;;;;;;;;;;;;;;;;;;;;;;;;;;;;;;;;;;;;;;;;;;;;;;;;;;;;;;;;;;;;;;;;;;;;;;;;;;;;;;;;;;;;;;;;;;;;;;;;;;;;;
VALLE;Roldanillo ;1;Roldanillo. Calle 10 No.8-10;P. Judicial I Penal 310;14;1;COMODATO;NO;NO;Cto 179-079-2016 Diciembre;;;;;;;;;;;;;;;;;;;;;;;;;;;;;;;;;;;;;;;;;;;;;;;;;;;;;;;;;;;;;;;;;;;;;;;;;;;;;;;;;;;;;;;;;;;;;;;;;;;;;;;;;;;;;;;;;;;;;;;;;;;;;;;;;;;;;;;;;;;;;;;;;;;;;;;;;;;;;;;;;;;;;;;;;;;;;;;;;;;;;
VALLE;Sevilla;1;Sevilla. Carrera 50 # 51-13 Piso 2;P. Judicial I Penal 311;27;1;COMODATO;SI;;179-074-2017;;;;;;;;;;;;;;;;;;;;;;;;;;;;;;;;;;;;;;;;;;;;;;;;;;;;;;;;;;;;;;;;;;;;;;;;;;;;;;;;;;;;;;;;;;;;;;;;;;;;;;;;;;;;;;;;;;;;;;;;;;;;;;;;;;;;;;;;;;;;;;;;;;;;;;;;;;;;;;;;;;;;;;;;;;;;;;;;;;;;;
VALLE;Tulua;1;Cra. 27 # 27-19 Local 103;P. Judicial I Penal 282 y 367;;2;ARRIENDO;;;;;;;;;;;;;;;;;;;;;;;;;;;;;;;;;;;;;;;;;;;;;;;;;;;;;;;;;;;;;;;;;;;;;;;;;;;;;;;;;;;;;;;;;;;;;;;;;;;;;;;;;;;;;;;;;;;;;;;;;;;;;;;;;;;;;;;;;;;;;;;;;;;;;;;;;;;;;;;;;;;;;;;;;;;;;;;;;;;;;;;;
VALLE;Cartago;1;Cll. 12 # 1 A 03/05;P. Provincial, Judicial I Penal 312;;9;ARRIENDO;;;;;;;;;;;;;;;;;;;;;;;;;;;;;;;;;;;;;;;;;;;;;;;;;;;;;;;;;;;;;;;;;;;;;;;;;;;;;;;;;;;;;;;;;;;;;;;;;;;;;;;;;;;;;;;;;;;;;;;;;;;;;;;;;;;;;;;;;;;;;;;;;;;;;;;;;;;;;;;;;;;;;;;;;;;;;;;;;;;;;;;;
VAUPES;Mitu;1;Mitu.Calle 12 T 13-66;P. Regional;244;5;PROPIO;SI;NO;;;;;;;;;;;;;;;;;;;;;;;;;;;;;;;;;;;;;;;;;;;;;;;;;;;;;;;;;;;;;;;;;;;;;;;;;;;;;;;;;;;;;;;;;;;;;;;;;;;;;;;;;;;;;;;;;;;;;;;;;;;;;;;;;;;;;;;;;;;;;;;;;;;;;;;;;;;;;;;;;;;;;;;;;;;;;;;;;;;;;;
VICHADA;Pto. Carreño;1;Puerto  Carreño  Calle. 18 A # 10-70;P. Regional, Judicial I Penal 286;;6;ARRIENDO;NO;;;;;;;;;;;;;;;;;;;;;;;;;;;;;;;;;;;;;;;;;;;;;;;;;;;;;;;;;;;;;;;;;;;;;;;;;;;;;;;;;;;;;;;;;;;;;;;;;;;;;;;;;;;;;;;;;;;;;;;;;;;;;;;;;;;;;;;;;;;;;;;;;;;;;;;;;;;;;;;;;;;;;;;;;;;;;;;;;;;;;;;
VICHADA;Pto. Carreño;1;Pto. Carreño. Calle 19 No.11-50 Barrio las Acacias (Lote vacio);Lote vacio;;0;PROPIO;NO;;Lote vacío;;;;;;;;;;;;;;;;;;;;;;;;;;;;;;;;;;;;;;;;;;;;;;;;;;;;;;;;;;;;;;;;;;;;;;;;;;;;;;;;;;;;;;;;;;;;;;;;;;;;;;;;;;;;;;;;;;;;;;;;;;;;;;;;;;;;;;;;;;;;;;;;;;;;;;;;;;;;;;;;;;;;;;;;;;;;;;;;;;;;;
;;;;;;4414;;;;;;;;;;;;;;;;;;;;;;;;;;;;;;;;;;;;;;;;;;;;;;;;;;;;;;;;;;;;;;;;;;;;;;;;;;;;;;;;;;;;;;;;;;;;;;;;;;;;;;;;;;;;;;;;;;;;;;;;;;;;;;;;;;;;;;;;;;;;;;;;;;;;;;;;;;;;;;;;;;;;;;;;;;;;;;;;;;;;;;;;;
;; ;;;;;;;;;;;;;;;;;;;;;;;;;;;;;;;;;;;;;;;;;;;;;;;;;;;;;;;;;;;;;;;;;;;;;;;;;;;;;;;;;;;;;;;;;;;;;;;;;;;;;;;;;;;;;;;;;;;;;;;;;;;;;;;;;;;;;;;;;;;;;;;;;;;;;;;;;;;;;;;;;;;;;;;;;;;;;;;;;;;;;;;;;;;;;
;;;PROPIO;73;92; ;;;;;;;;;;;;;;;;;;;;;;;;;;;;;;;;;;;;;;;;;;;;;;;;;;;;;;;;;;;;;;;;;;;;;;;;;;;;;;;;;;;;;;;;;;;;;;;;;;;;;;;;;;;;;;;;;;;;;;;;;;;;;;;;;;;;;;;;;;;;;;;;;;;;;;;;;;;;;;;;;;;;;;;;;;;;;;;;;;;;;;;;;
;;;COMODATO;11;; ;;;;;;;;;;;;;;;;;;;;;;;;;;;;;;;;;;;;;;;;;;;;;;;;;;;;;;;;;;;;;;;;;;;;;;;;;;;;;;;;;;;;;;;;;;;;;;;;;;;;;;;;;;;;;;;;;;;;;;;;;;;;;;;;;;;;;;;;;;;;;;;;;;;;;;;;;;;;;;;;;;;;;;;;;;;;;;;;;;;;;;;;;
;;;TENENCIA;8;;;;;;;;;;;;;;;;;;;;;;;;;;;;;;;;;;;;;;;;;;;;;;;;;;;;;;;;;;;;;;;;;;;;;;;;;;;;;;;;;;;;;;;;;;;;;;;;;;;;;;;;;;;;;;;;;;;;;;;;;;;;;;;;;;;;;;;;;;;;;;;;;;;;;;;;;;;;;;;;;;;;;;;;;;;;;;;;;;;;;;;;;;;
;;;ARRIENDO;47;;;;;;;;;;;;;;;;;;;;;;;;;;;;;;;;;;;;;;;;;;;;;;;;;;;;;;;;;;;;;;;;;;;;;;;;;;;;;;;;;;;;;;;;;;;;;;;;;;;;;;;;;;;;;;;;;;;;;;;;;;;;;;;;;;;;;;;;;;;;;;;;;;;;;;;;;;;;;;;;;;;;;;;;;;;;;;;;;;;;;;;;;;;
;;;;139;;;;;;;;;;;;;;;;;;;;;;;;;;;;;;;;;;;;;;;;;;;;;;;;;;;;;;;;;;;;;;;;;;;;;;;;;;;;;;;;;;;;;;;;;;;;;;;;;;;;;;;;;;;;;;;;;;;;;;;;;;;;;;;;;;;;;;;;;;;;;;;;;;;;;;;;;;;;;;;;;;;;;;;;;;;;;;;;;;;;;;;;;;;
